case_id,label,n_masks,mask_area_px,phash,dup_group,exact_dup,caliper_flag,text_flag,annotation_flag,caliper_score,text_score,reasons
benign/benign (1).png,benign,1,984,d4e80bc73485eea3,0,False,False,True,True,0.0074,0.9236,"textlike_blobs(n=34,border_bright=0.074)"
benign/benign (10).png,benign,1,32918,fe8e1fe1e18e01c1,1,True,False,True,True,0.0022,0.6355,"textlike_blobs(n=23,border_bright=0.061)"
benign/benign (100).png,benign,2,10011,b4dac7a561685a1e,2,False,False,False,False,0.0032,0.3368,
benign/benign (101).png,benign,1,4167,acd21a6df0da8ca5,3,False,False,True,True,0.0026,0.5922,"textlike_blobs(n=21,border_bright=0.067)"
benign/benign (102).png,benign,1,18857,a5e5d6929a4999d8,4,False,False,False,False,0.0,0.0204,
benign/benign (103).png,benign,1,49587,c29ee0c419b9e8de,5,False,False,False,False,0.0047,0.2101,
benign/benign (104).png,benign,1,3930,86cb7130687c74dd,6,False,False,False,False,0.0033,0.2719,
benign/benign (105).png,benign,1,8813,d4e63b992976c6a0,7,True,False,True,True,0.004,0.7526,"textlike_blobs(n=27,border_bright=0.078)"
benign/benign (106).png,benign,1,11670,acb9734606577839,8,False,False,False,False,0.0003,0.1602,
benign/benign (107).png,benign,1,9871,85816b3be6e6d898,9,False,False,True,True,0.0,0.5016,"textlike_blobs(n=17,border_bright=0.077)"
benign/benign (108).png,benign,1,13857,80a00ccc339effdd,10,False,False,False,False,0.0043,0.0719,
benign/benign (109).png,benign,1,28435,a1bcc5c3783c079b,11,False,False,False,False,0.0045,0.2847,
benign/benign (11).png,benign,1,1951,c1a71cd82dbbc346,12,False,False,True,True,0.0089,0.6908,"textlike_blobs(n=24,border_bright=0.091)"
benign/benign (110).png,benign,1,37724,cbeb349d8781a1b2,13,False,False,False,False,0.0016,0.0775,
benign/benign (111).png,benign,1,2367,bae8cc1212e0ecfd,14,False,False,True,True,0.0025,0.388,"textlike_blobs(n=11,border_bright=0.113)"
benign/benign (112).png,benign,1,4986,c3ccb4263383a6fc,15,False,False,False,False,0.0026,0.1,
benign/benign (113).png,benign,1,21535,90ac76537b626565,16,False,False,True,True,0.0001,0.3764,"textlike_blobs(n=15,border_bright=0.001)"
benign/benign (114).png,benign,1,21951,80a22ecc219afbfd,10,False,False,False,False,0.0011,0.1391,
benign/benign (115).png,benign,1,4295,94e43359daa4d89b,17,False,False,True,True,0.0085,0.4303,"textlike_blobs(n=16,border_bright=0.030)"
benign/benign (116).png,benign,1,5501,80a02ec96a9afbbd,10,False,False,False,False,0.0015,0.2028,
benign/benign (117).png,benign,1,13557,8eaa621d357d6a4a,18,False,False,True,True,0.0001,0.3795,"textlike_blobs(n=15,border_bright=0.004)"
benign/benign (118).png,benign,1,6834,f9a393c0066e4fd1,19,False,False,False,False,0.0,0.0205,
benign/benign (119).png,benign,1,5148,88a027c3689afbbd,10,False,False,False,False,0.0028,0.2091,
benign/benign (12).png,benign,1,2890,a5d25a3d62c494be,20,False,False,False,False,0.0012,0.0535,
benign/benign (120).png,benign,1,1930,eaaa1f3770701c0f,21,False,False,False,False,0.0,0.2505,
benign/benign (121).png,benign,1,17725,a5a5c69a9b18d8d9,22,False,False,False,False,0.0002,0.0213,
benign/benign (122).png,benign,1,14179,88a0a7c36092dfbf,10,False,False,False,False,0.0026,0.1067,
benign/benign (123).png,benign,1,22304,e79d9411236b6d64,23,False,False,False,False,0.0065,0.1759,
benign/benign (124).png,benign,1,7566,c2e1170e3d45c33f,24,False,False,False,False,0.0116,0.0004,
benign/benign (125).png,benign,1,4905,c3b8bcc668f1788c,25,False,False,False,False,0.0013,0.2235,
benign/benign (126).png,benign,1,5662,c2b93dce6ab1710c,26,False,False,False,False,0.0018,0.2551,
benign/benign (127).png,benign,1,4330,eea8b19786869393,27,True,False,False,False,0.0022,0.287,
benign/benign (128).png,benign,1,3891,a0a8f95fce8ec2c2,28,False,False,False,False,0.0028,0.119,
benign/benign (129).png,benign,1,6490,b3984c47e7b038ba,29,False,False,True,True,0.0046,1.0,"textlike_blobs(n=39,border_bright=0.047)"
benign/benign (13).png,benign,1,52450,87f0c88b4f753c92,30,False,False,False,False,0.0,0.05,
benign/benign (130).png,benign,1,14986,a09e5fc2e1e14a9d,31,False,False,False,False,0.0033,0.2992,
benign/benign (131).png,benign,1,67475,91bdfc4b66c66121,32,False,False,True,True,0.0002,0.348,"textlike_blobs(n=13,border_bright=0.023)"
benign/benign (132).png,benign,1,6449,d1a4acc793939b83,33,False,False,False,False,0.0002,0.1832,
benign/benign (133).png,benign,1,1202,94f67849c1672e8e,34,False,False,True,True,0.0259,0.5141,"textlike_blobs(n=19,border_bright=0.039)"
benign/benign (134).png,benign,1,1257,c68da1693b9ac6b2,35,False,False,True,True,0.0237,0.3243,"textlike_blobs(n=12,border_bright=0.024)"
benign/benign (135).png,benign,1,11136,e7b87843878786c6,36,True,False,False,False,0.0018,0.3135,
benign/benign (136).png,benign,1,16264,e59c6283d23cbcc3,37,False,False,True,True,0.0059,0.408,"textlike_blobs(n=14,border_bright=0.058)"
benign/benign (137).png,benign,1,5551,a5df7830021fcdc5,38,False,False,True,True,0.003,0.5851,"textlike_blobs(n=19,border_bright=0.110)"
benign/benign (138).png,benign,1,2052,a884f477aa2b1d8b,39,False,False,True,True,0.0044,0.7427,"textlike_blobs(n=26,border_bright=0.093)"
benign/benign (139).png,benign,1,10374,d6e0298df2929ae9,40,True,False,False,False,0.0031,0.1619,
benign/benign (14).png,benign,1,4380,cd3112164ddceae3,41,True,False,False,False,0.009,0.1962,
benign/benign (140).png,benign,1,51903,d5f4d59574051764,42,False,False,True,True,0.0011,0.4305,"textlike_blobs(n=15,border_bright=0.056)"
benign/benign (141).png,benign,1,136993,999ea6c990d3c1b9,43,False,False,False,False,0.0356,0.3279,
benign/benign (142).png,benign,1,4471,e4a31b5e8ce4c399,44,False,False,True,True,0.0043,0.5282,"textlike_blobs(n=20,border_bright=0.028)"
benign/benign (143).png,benign,1,1392,81f43e703c8c87e7,45,False,False,True,True,0.0013,0.3694,"textlike_blobs(n=12,border_bright=0.069)"
benign/benign (144).png,benign,1,1256,90ecef3723c0ccd2,46,False,False,True,True,0.0025,0.3631,"textlike_blobs(n=14,border_bright=0.013)"
benign/benign (145).png,benign,1,8622,c1ad3e50058bbbec,47,False,False,True,True,0.0032,0.4661,"textlike_blobs(n=17,border_bright=0.041)"
benign/benign (146).png,benign,1,1503,e18bba2e4a630d6d,48,False,False,False,False,0.0028,0.0785,
benign/benign (147).png,benign,1,3721,9fe428006af6b79c,49,False,False,True,True,0.0043,0.4895,"textlike_blobs(n=17,border_bright=0.065)"
benign/benign (148).png,benign,1,11290,eeb1318e8ece3071,50,False,False,False,False,0.003,0.155,
benign/benign (149).png,benign,1,9048,86f8e1871fb238d4,51,False,False,False,False,0.0012,0.1186,
benign/benign (15).png,benign,1,3067,8ef1760e03c4f1b9,52,True,False,False,False,0.0331,0.0211,
benign/benign (150).png,benign,1,1825,9cf55042338cedda,53,False,False,False,False,0.0015,0.1509,
benign/benign (151).png,benign,1,2318,85c87a329ee5a5c9,54,False,False,True,True,0.0101,0.4923,"textlike_blobs(n=16,border_bright=0.092)"
benign/benign (152).png,benign,1,61557,97ecb294cd5b12a8,55,True,False,False,False,0.0026,0.3013,
benign/benign (153).png,benign,1,2802,cca624da5b1a4bcd,56,False,False,True,True,0.003,0.848,"textlike_blobs(n=31,border_bright=0.073)"
benign/benign (154).png,benign,1,2060,85ff7ab119818726,57,False,False,True,True,0.0023,0.4956,"textlike_blobs(n=17,border_bright=0.071)"
benign/benign (155).png,benign,1,60771,c0bbe74e3be1cc80,58,False,False,True,True,0.0051,0.7355,"textlike_blobs(n=25,border_bright=0.111)"
benign/benign (156).png,benign,1,9573,d4e63b992976c6a0,7,True,False,True,True,0.004,0.6795,"textlike_blobs(n=24,border_bright=0.080)"
benign/benign (157).png,benign,1,11014,d6e0298df2929ae9,40,True,False,False,False,0.0032,0.1374,
benign/benign (158).png,benign,1,36491,c9af369d87c1a0b2,13,False,False,False,False,0.0016,0.1666,
benign/benign (159).png,benign,1,3370,a9ff36a0448b6a9a,59,False,False,True,True,0.0015,0.478,"textlike_blobs(n=17,border_bright=0.053)"
benign/benign (16).png,benign,1,2309,85c87a329ae5a5cd,54,False,False,True,True,0.0077,0.3752,"textlike_blobs(n=12,border_bright=0.075)"
benign/benign (160).png,benign,1,3629,f98c0e67437a12bc,60,False,False,True,True,0.0021,0.4773,"textlike_blobs(n=17,border_bright=0.052)"
benign/benign (161).png,benign,1,3109,8581fbb5d0f4b0aa,61,False,False,False,False,0.0043,0.116,
benign/benign (162).png,benign,1,1248,c986365a39dd8ae2,62,False,False,True,True,0.0056,0.567,"textlike_blobs(n=20,border_bright=0.067)"
benign/benign (163).png,benign,2,4564,9bee74408969799c,63,False,False,True,True,0.0043,0.4738,"textlike_blobs(n=17,border_bright=0.049)"
benign/benign (164).png,benign,1,41483,97adf2f0c8c890b9,64,True,False,False,False,0.002,0.1865,
benign/benign (165).png,benign,1,1624,a4bb9b5265c0cacb,65,False,False,True,True,0.0026,0.4382,"textlike_blobs(n=15,border_bright=0.063)"
benign/benign (166).png,benign,1,2895,988589fbb2f08dc9,66,False,False,False,False,0.0036,0.2118,
benign/benign (167).png,benign,1,2564,e19a1ee919d7a688,67,False,False,True,True,0.0048,0.547,"textlike_blobs(n=19,border_bright=0.072)"
benign/benign (168).png,benign,1,12394,85f34b8c32f38d8c,68,False,False,False,False,0.0017,0.1913,
benign/benign (169).png,benign,1,1396,9d9f6670f283c885,69,False,False,False,False,0.0034,0.3325,
benign/benign (17).png,benign,1,5079,95e06b9f52160ced,70,False,False,True,True,0.0038,0.4357,"textlike_blobs(n=13,border_bright=0.111)"
benign/benign (170).png,benign,1,12570,a6ecd192c0eceb94,71,False,False,False,False,0.0034,0.1208,
benign/benign (171).png,benign,1,1369,e88b3274d793e988,72,False,False,True,True,0.0042,0.3585,"textlike_blobs(n=12,border_bright=0.058)"
benign/benign (172).png,benign,1,8769,8dfc70c243c3d9b8,73,False,False,True,True,0.004,0.6173,"textlike_blobs(n=21,border_bright=0.092)"
benign/benign (173).png,benign,2,42335,90af6fe6d29290b8,74,False,False,False,False,0.0001,0.125,
benign/benign (174).png,benign,1,25662,c3b3bccdc171306c,75,False,False,False,False,0.0009,0.22,
benign/benign (175).png,benign,1,22507,a3f94c86733998c6,76,False,False,True,True,0.0024,0.764,"textlike_blobs(n=29,border_bright=0.039)"
benign/benign (176).png,benign,1,4951,94ab1bcc9cc0c797,77,False,False,True,True,0.0006,0.8259,"textlike_blobs(n=29,border_bright=0.101)"
benign/benign (177).png,benign,1,2830,d8dfa7e2e0809e8c,78,True,False,False,False,0.0056,0.2226,
benign/benign (178).png,benign,1,32243,8ce79d51328cd8f4,79,False,False,True,True,0.0038,0.8961,"textlike_blobs(n=32,border_bright=0.096)"
benign/benign (179).png,benign,1,967,fbd964445b932307,80,False,False,True,True,0.0062,0.4287,"textlike_blobs(n=14,border_bright=0.079)"
benign/benign (18).png,benign,1,52485,97ecb294cd5b12a8,55,True,False,True,True,0.0031,0.3747,"textlike_blobs(n=12,border_bright=0.075)"
benign/benign (180).png,benign,1,11539,c7b93ac2e4ac8b92,81,False,False,True,True,0.0,0.4523,"textlike_blobs(n=17,border_bright=0.027)"
benign/benign (181).png,benign,2,26899,89a6d9db264d7298,82,False,False,False,False,0.0025,0.1029,
benign/benign (182).png,benign,1,3096,d2ad2dd49016c6fc,83,False,False,False,False,0.0021,0.2211,
benign/benign (183).png,benign,1,4710,f0d14f0e17b1b1c5,84,False,False,False,False,0.0,0.0263,
benign/benign (184).png,benign,1,24349,95e8ea96970c7878,85,False,False,False,False,0.0086,0.0829,
benign/benign (185).png,benign,1,3335,ea81077a25b6f8b8,86,False,False,True,True,0.0,0.6962,"textlike_blobs(n=25,border_bright=0.071)"
benign/benign (186).png,benign,1,33341,faa7181a66e19e86,87,False,False,True,True,0.0,0.7127,"textlike_blobs(n=24,border_bright=0.113)"
benign/benign (187).png,benign,1,6575,98e97496638cbab1,88,False,False,True,True,0.0003,0.5931,"textlike_blobs(n=20,border_bright=0.093)"
benign/benign (188).png,benign,1,176271,805a813e952fd76d,89,False,False,False,False,0.0,0.0015,
benign/benign (189).png,benign,1,2348,9c9937e4e48d8473,90,False,False,False,False,0.0009,0.1856,
benign/benign (19).png,benign,1,1890,8ef55042338cedda,53,False,False,False,False,0.0186,0.1298,
benign/benign (190).png,benign,1,30729,daacc73334c0b8e3,91,False,False,False,False,0.0053,0.0021,
benign/benign (191).png,benign,1,4093,e8cba3f2808437f3,92,False,False,False,False,0.0013,0.1621,
benign/benign (192).png,benign,1,8201,96cd71131a2dec8d,93,False,False,False,False,0.0019,0.0831,
benign/benign (193).png,benign,1,4502,e1bf1cae1e91a390,94,False,False,False,False,0.0013,0.3209,
benign/benign (194).png,benign,1,10649,cce9083432f36bab,95,False,False,True,True,0.0,0.7465,"textlike_blobs(n=25,border_bright=0.121)"
benign/benign (195).png,benign,3,156339,8001d11f6e573ddb,96,False,False,False,False,0.0354,0.1785,
benign/benign (196).png,benign,1,15265,8cac6227bfd8a499,97,False,False,True,True,0.0045,0.361,"textlike_blobs(n=12,border_bright=0.061)"
benign/benign (197).png,benign,1,3583,fde28298a83d6cd4,98,False,False,True,True,0.0014,0.49,"textlike_blobs(n=16,border_bright=0.090)"
benign/benign (198).png,benign,1,41224,95e69a91b1666b98,99,False,False,True,True,0.002,0.3851,"textlike_blobs(n=12,border_bright=0.085)"
benign/benign (199).png,benign,1,48810,f9de088a93e0f09e,100,False,False,True,True,0.0057,0.4912,"textlike_blobs(n=17,border_bright=0.066)"
benign/benign (2).png,benign,1,9384,c1bc627b3986c6b8,101,False,False,True,True,0.0041,0.6736,"textlike_blobs(n=24,border_bright=0.074)"
benign/benign (20).png,benign,1,6488,98b4e5cb4a5a3666,102,False,False,False,False,0.0023,0.1192,
benign/benign (200).png,benign,1,33776,bde54282cbdc98b4,103,False,False,True,True,0.0267,0.4196,"textlike_blobs(n=16,border_bright=0.020)"
benign/benign (201).png,benign,1,6540,8ed830627bcf3782,104,False,False,True,True,0.0059,0.3224,"textlike_blobs(n=12,border_bright=0.022)"
benign/benign (202).png,benign,1,1568,f6d688912149eafa,105,False,False,True,True,0.0023,0.4144,"textlike_blobs(n=14,border_bright=0.064)"
benign/benign (203).png,benign,1,27411,9cda6335da16a4ca,106,False,False,True,True,0.0235,0.641,"textlike_blobs(n=23,border_bright=0.066)"
benign/benign (204).png,benign,1,14121,84b77bca88acd496,107,True,False,True,True,0.0163,0.4865,"textlike_blobs(n=16,border_bright=0.086)"
benign/benign (205).png,benign,1,59848,86b96c5cf91b94a4,108,False,False,False,False,0.0127,0.2284,
benign/benign (206).png,benign,1,14848,94b0eb5b9ca45c9c,109,False,False,False,False,0.0137,0.2837,
benign/benign (207).png,benign,1,33244,fdb04a6bc1d38788,110,False,False,False,False,0.0098,0.2796,
benign/benign (208).png,benign,1,3229,c5bb394886e6e1b1,111,False,False,False,False,0.0049,0.1896,
benign/benign (209).png,benign,1,7707,c6ec3b1b499598d4,112,False,False,True,True,0.01,0.5611,"textlike_blobs(n=20,border_bright=0.061)"
benign/benign (21).png,benign,1,1854,85fe78b19987862c,57,False,False,False,False,0.0028,0.344,
benign/benign (210).png,benign,1,21372,c8a33c5c42e9ba97,113,True,False,True,True,0.0066,0.5413,"textlike_blobs(n=20,border_bright=0.041)"
benign/benign (211).png,benign,1,4489,e9883e128acad4bf,114,False,False,True,True,0.0025,0.5621,"textlike_blobs(n=20,border_bright=0.062)"
benign/benign (212).png,benign,1,22229,94a56b5a52f98996,115,False,False,True,True,0.0028,0.463,"textlike_blobs(n=16,border_bright=0.063)"
benign/benign (213).png,benign,1,10555,90844b5b7cf6c6a6,116,False,False,False,False,0.0169,0.1782,
benign/benign (214).png,benign,1,13344,cdda321fb6c080fc,117,False,False,True,True,0.0234,0.4232,"textlike_blobs(n=16,border_bright=0.023)"
benign/benign (215).png,benign,1,5614,cd9623bad13ca686,118,False,False,True,True,0.0119,0.3464,"textlike_blobs(n=12,border_bright=0.046)"
benign/benign (216).png,benign,1,14460,c99536c585f4a5d1,119,True,False,True,True,0.0218,0.3309,"textlike_blobs(n=12,border_bright=0.031)"
benign/benign (217).png,benign,1,20778,c3abee949896c0f2,120,False,False,False,False,0.0203,0.1704,
benign/benign (218).png,benign,1,30047,f9a00e1acb96e563,121,False,False,False,False,0.0277,0.308,
benign/benign (219).png,benign,1,6119,e4c99a362178f4e5,122,False,False,False,False,0.0029,0.0671,
benign/benign (22).png,benign,1,13641,ecb3ce2931c48cb3,123,False,False,True,True,0.0133,0.3855,"textlike_blobs(n=14,border_bright=0.036)"
benign/benign (220).png,benign,1,7666,99e484e37a9b89ac,124,False,False,False,False,0.01,0.252,
benign/benign (221).png,benign,1,2110,9639a9c2e0f5bf80,125,False,False,True,True,0.029,0.3189,"textlike_blobs(n=12,border_bright=0.019)"
benign/benign (222).png,benign,1,8311,94fd4b92b0c18ab7,126,True,False,True,True,0.012,0.3735,"textlike_blobs(n=14,border_bright=0.024)"
benign/benign (223).png,benign,1,7241,9cdc62a0e196e7b1,127,False,False,True,True,0.0104,0.6573,"textlike_blobs(n=24,border_bright=0.057)"
benign/benign (224).png,benign,1,33419,d9b0164bd9f544a5,128,False,False,True,True,0.0037,0.3391,"textlike_blobs(n=12,border_bright=0.039)"
benign/benign (225).png,benign,1,11894,88f87567d284ecc9,129,True,False,True,True,0.0081,0.4004,"textlike_blobs(n=14,border_bright=0.050)"
benign/benign (226).png,benign,1,7646,d0ef2c61fa944de0,130,True,False,True,True,0.013,0.5353,"textlike_blobs(n=19,border_bright=0.060)"
benign/benign (227).png,benign,1,6774,83ea54ada5a057b6,131,False,False,True,True,0.0192,0.4595,"textlike_blobs(n=17,border_bright=0.035)"
benign/benign (228).png,benign,1,30588,d0962e69a66a7aca,132,True,False,True,True,0.0048,0.3578,"textlike_blobs(n=13,border_bright=0.033)"
benign/benign (229).png,benign,1,15129,9998d8aa6665f598,133,False,False,True,True,0.0201,0.5296,"textlike_blobs(n=19,border_bright=0.055)"
benign/benign (23).png,benign,1,18935,ade6192ee6c999a0,134,False,False,True,True,0.0036,0.899,"textlike_blobs(n=33,border_bright=0.074)"
benign/benign (230).png,benign,1,12385,c59cbef26ce8c290,135,False,False,False,False,0.0191,0.2788,
benign/benign (231).png,benign,1,14369,9ae22dcd30d0cf8b,136,False,False,True,True,0.0159,0.5739,"textlike_blobs(n=20,border_bright=0.074)"
benign/benign (232).png,benign,1,29842,c8d0378f99a6aca5,137,False,False,True,True,0.0171,0.3054,"textlike_blobs(n=9,border_bright=0.080)"
benign/benign (233).png,benign,1,43145,e696fb6b25088c9c,138,True,False,True,True,0.0034,0.4978,"textlike_blobs(n=17,border_bright=0.073)"
benign/benign (234).png,benign,1,33802,c495b9cec2e0aca7,139,True,False,True,True,0.0145,0.4708,"textlike_blobs(n=16,border_bright=0.071)"
benign/benign (235).png,benign,1,21762,c1e8ff7e3e8884c0,140,True,False,True,True,0.0101,0.4791,"textlike_blobs(n=18,border_bright=0.029)"
benign/benign (236).png,benign,1,80548,a0e433c3cf9e949c,141,False,False,False,False,0.0063,0.1329,
benign/benign (237).png,benign,1,25108,f1a18eda9e8d24e1,142,False,False,True,True,0.0211,0.4422,"textlike_blobs(n=16,border_bright=0.042)"
benign/benign (238).png,benign,1,23244,a2bacdcd21382eb3,143,False,False,True,True,0.0212,0.6225,"textlike_blobs(n=23,border_bright=0.048)"
benign/benign (239).png,benign,1,6227,e496f83199d94aa6,144,True,False,True,True,0.0106,0.4611,"textlike_blobs(n=17,border_bright=0.036)"
benign/benign (24).png,benign,1,5465,c8b45beae4999866,145,False,False,False,False,0.0136,0.0632,
benign/benign (240).png,benign,1,28187,b3bfc4c4a13893b1,146,False,False,True,True,0.0078,0.3336,"textlike_blobs(n=12,border_bright=0.034)"
benign/benign (241).png,benign,1,12012,f4ba68e8888383df,147,False,False,True,True,0.0311,0.5703,"textlike_blobs(n=22,border_bright=0.020)"
benign/benign (242).png,benign,1,19380,9cf00b27c58f2bb2,148,False,False,True,True,0.0026,0.3726,"textlike_blobs(n=14,border_bright=0.023)"
benign/benign (243).png,benign,1,27776,e6ed10f8be8790d0,149,False,False,False,False,0.0128,0.2654,
benign/benign (244).png,benign,1,5479,cdd0903bbbb2d584,150,False,False,False,False,0.0176,0.3099,
benign/benign (245).png,benign,1,5649,eec29918b9f380dc,151,False,False,True,True,0.0177,0.3255,"textlike_blobs(n=12,border_bright=0.026)"
benign/benign (246).png,benign,1,1378,963dadc2c275bd80,125,False,False,False,False,0.0319,0.1347,
benign/benign (247).png,benign,1,2750,a8e432c3cf9e949c,141,False,False,False,False,0.0369,0.0809,
benign/benign (248).png,benign,1,2166,f9dc088a97e0b29e,100,False,False,True,True,0.0262,0.4383,"textlike_blobs(n=16,border_bright=0.038)"
benign/benign (249).png,benign,1,9112,84b77bca88acd496,107,True,False,True,True,0.0379,0.3738,"textlike_blobs(n=12,border_bright=0.074)"
benign/benign (25).png,benign,2,5824,cca624da5b1a5ac7,56,False,False,True,True,0.003,0.8481,"textlike_blobs(n=31,border_bright=0.073)"
benign/benign (250).png,benign,1,4554,93ea50afa5a055b6,131,False,False,True,True,0.0722,0.3767,"textlike_blobs(n=14,border_bright=0.027)"
benign/benign (251).png,benign,1,3811,ccd0913bbbb2d584,150,False,False,False,False,0.0402,0.2526,
benign/benign (252).png,benign,1,8957,c59cbef26ce8c282,135,False,False,False,False,0.0392,0.2509,
benign/benign (253).png,benign,1,6628,908c4a5b7cf7c6a4,116,False,False,False,False,0.0232,0.1252,
benign/benign (254).png,benign,1,1013,c9883e128acadcbf,114,False,False,True,True,0.0142,0.4299,"textlike_blobs(n=15,border_bright=0.055)"
benign/benign (255).png,benign,1,13573,b7b5c4c5a13893b1,146,False,False,False,False,0.0394,0.229,
benign/benign (256).png,benign,1,17678,fdb04aebc1d38588,110,False,False,False,False,0.0512,0.2327,
benign/benign (257).png,benign,1,4357,9cdc62a0e196e6f1,127,False,False,True,True,0.0415,0.427,"textlike_blobs(n=15,border_bright=0.052)"
benign/benign (258).png,benign,1,4412,e496f83199d94aa6,144,True,False,False,False,0.0588,0.3065,
benign/benign (259).png,benign,1,9303,9990d8aa6765f598,133,False,False,True,True,0.1042,0.4714,"textlike_blobs(n=17,border_bright=0.046)"
benign/benign (26).png,benign,1,33610,f8b3a7ccc03c1647,152,False,False,False,False,0.0071,0.0524,
benign/benign (260).png,benign,1,9149,cdda321fb4c0a0fc,117,False,False,True,True,0.041,0.4722,"textlike_blobs(n=18,border_bright=0.022)"
benign/benign (261).png,benign,1,22135,c495b9cec2e0aca7,139,True,False,False,False,0.0245,0.3121,
benign/benign (262).png,benign,1,42646,86b96c58f99bc4a4,108,False,False,False,False,0.0617,0.2543,
benign/benign (263).png,benign,1,5734,d0ef2c61fa944de0,130,True,False,True,True,0.0762,0.3706,"textlike_blobs(n=13,border_bright=0.046)"
benign/benign (264).png,benign,1,16253,f1a38eda9c0d05e3,142,False,False,True,True,0.0775,0.4099,"textlike_blobs(n=15,border_bright=0.035)"
benign/benign (265).png,benign,1,12086,c99536c585f4a5d1,119,True,False,True,True,0.0595,0.3487,"textlike_blobs(n=13,border_bright=0.024)"
benign/benign (266).png,benign,1,7896,f4ba68c8898383df,147,False,False,True,True,0.0839,0.5698,"textlike_blobs(n=22,border_bright=0.020)"
benign/benign (267).png,benign,1,6275,94fd4b92b0c18ab7,126,True,False,False,False,0.0324,0.2933,
benign/benign (268).png,benign,1,15243,c3abee969896c0d2,120,False,False,False,False,0.0555,0.1401,
benign/benign (269).png,benign,1,8237,84b07dd4f4d193a3,153,False,False,False,False,0.0026,0.1986,
benign/benign (27).png,benign,1,6736,8ca67a199b933cc6,154,False,False,True,True,0.0029,0.7048,"textlike_blobs(n=26,border_bright=0.055)"
benign/benign (270).png,benign,1,3646,cdb623bad13c8686,118,False,False,False,False,0.0665,0.2888,
benign/benign (271).png,benign,1,5363,99e484e37a9bac94,124,False,False,False,False,0.0391,0.1909,
benign/benign (272).png,benign,1,10541,e5c99a2621787ce5,122,False,False,False,False,0.0196,0.0056,
benign/benign (273).png,benign,1,27561,9cda6135da16b4ca,106,True,False,True,True,0.0224,0.6427,"textlike_blobs(n=23,border_bright=0.068)"
benign/benign (274).png,benign,1,37185,bde1428acadcb8b4,103,True,False,True,True,0.0282,0.4454,"textlike_blobs(n=17,border_bright=0.020)"
benign/benign (275).png,benign,1,7692,c6ec3b1b499998e4,112,False,False,True,True,0.0099,0.647,"textlike_blobs(n=24,border_bright=0.047)"
benign/benign (276).png,benign,1,30396,c8d0378f9ba6ac85,137,False,False,False,False,0.0163,0.2708,
benign/benign (277).png,benign,1,20290,b3bdc4c5a13893b1,146,False,False,False,False,0.0095,0.2819,
benign/benign (278).png,benign,1,8243,d0ef2c61bb944de0,130,False,False,True,True,0.0149,0.5245,"textlike_blobs(n=19,border_bright=0.050)"
benign/benign (279).png,benign,1,11775,f4ba68e8898383db,147,False,False,True,True,0.0343,0.5414,"textlike_blobs(n=21,border_bright=0.016)"
benign/benign (28).png,benign,1,18616,f6cc18086de2d6ad,155,False,False,False,False,0.0,0.2895,
benign/benign (280).png,benign,1,14325,9990dc8a6675f598,133,False,False,True,True,0.0183,0.5205,"textlike_blobs(n=19,border_bright=0.046)"
benign/benign (281).png,benign,1,12791,cdda3217b4c0b0fc,117,False,False,True,True,0.0229,0.4264,"textlike_blobs(n=16,border_bright=0.026)"
benign/benign (282).png,benign,1,13016,84b77bcaa82cd496,107,False,False,True,True,0.0158,0.4673,"textlike_blobs(n=16,border_bright=0.067)"
benign/benign (283).png,benign,1,3686,d3902d6f14b0f38b,156,False,False,False,False,0.0019,0.226,
benign/benign (284).png,benign,1,19226,ceecbb17141426ae,157,False,False,True,True,0.0115,0.3324,"textlike_blobs(n=13,border_bright=0.007)"
benign/benign (285).png,benign,1,18127,cee8bb17161426ae,157,False,False,True,True,0.0115,0.4572,"textlike_blobs(n=18,border_bright=0.007)"
benign/benign (286).png,benign,1,38246,d6feb980c0c14f3c,158,False,False,False,False,0.0175,0.1262,
benign/benign (287).png,benign,1,21213,c8d0778f99a6ac85,137,False,False,False,False,0.0386,0.1485,
benign/benign (288).png,benign,1,6689,9cf02325c70f2fb2,148,False,False,True,True,0.0101,0.3181,"textlike_blobs(n=12,border_bright=0.018)"
benign/benign (289).png,benign,1,18869,9cda6135da16b4ca,106,True,False,True,True,0.0435,0.6296,"textlike_blobs(n=23,border_bright=0.055)"
benign/benign (29).png,benign,1,1415,c8f3b798c0d43ec4,159,False,False,False,False,0.0037,0.0916,
benign/benign (290).png,benign,1,23937,bde1428acadcb8b4,103,True,False,True,True,0.0846,0.3649,"textlike_blobs(n=14,border_bright=0.015)"
benign/benign (291).png,benign,1,2070,c5bb3a4884e6e3b1,111,False,False,False,False,0.0272,0.1376,
benign/benign (292).png,benign,1,7267,88f87567d284ecc9,129,True,False,False,False,0.0479,0.2776,
benign/benign (293).png,benign,1,7486,88f87567d084eccd,129,False,False,True,True,0.0477,0.3262,"textlike_blobs(n=12,border_bright=0.026)"
benign/benign (294).png,benign,1,13962,c1e8ff7e3e8884c0,140,True,False,True,True,0.0237,0.3828,"textlike_blobs(n=14,border_bright=0.033)"
benign/benign (295).png,benign,1,10033,9ae22dcd30c0df8b,136,False,False,True,True,0.0536,0.4674,"textlike_blobs(n=16,border_bright=0.067)"
benign/benign (296).png,benign,1,21775,f9a00e1acb96ed61,121,False,False,False,False,0.0704,0.3015,
benign/benign (297).png,benign,1,5433,c6ec3b1b499598e4,112,False,False,True,True,0.0529,0.5261,"textlike_blobs(n=19,border_bright=0.051)"
benign/benign (298).png,benign,1,9144,c8a33c5c42e9ba97,113,True,False,True,True,0.061,0.4598,"textlike_blobs(n=17,border_bright=0.035)"
benign/benign (299).png,benign,1,10530,e696fb6b25088c9c,138,True,False,True,True,0.0049,0.3882,"textlike_blobs(n=13,border_bright=0.063)"
benign/benign (3).png,benign,1,7022,9ce93b164549e9d2,160,False,False,True,True,0.0091,0.8054,"textlike_blobs(n=29,border_bright=0.080)"
benign/benign (30).png,benign,1,3621,a0a0f95fce8ec2c6,28,False,False,False,False,0.0023,0.1131,
benign/benign (300).png,benign,1,17160,a2bacdcda13826b3,143,False,False,True,True,0.0591,0.4432,"textlike_blobs(n=16,border_bright=0.043)"
benign/benign (301).png,benign,1,893,f6d688b10149eafa,105,False,False,True,True,0.0091,0.3762,"textlike_blobs(n=13,border_bright=0.051)"
benign/benign (302).png,benign,1,2786,8efc20625bce378a,104,False,False,True,True,0.024,0.3173,"textlike_blobs(n=12,border_bright=0.017)"
benign/benign (303).png,benign,1,9377,94a26b5bdca45c9c,109,False,False,False,False,0.0306,0.2237,
benign/benign (304).png,benign,1,19804,d8a0164ad9f547ad,128,False,False,True,True,0.0387,0.3333,"textlike_blobs(n=12,border_bright=0.033)"
benign/benign (305).png,benign,1,4186,ec829938bbf780cc,151,False,False,True,True,0.0503,0.3728,"textlike_blobs(n=14,border_bright=0.023)"
benign/benign (306).png,benign,1,10146,d0962e69a66a7aca,132,True,False,False,False,0.0637,0.2937,
benign/benign (307).png,benign,1,12040,a5bd5aa2e2c5858e,161,False,False,True,True,0.0044,0.309,"textlike_blobs(n=9,border_bright=0.084)"
benign/benign (308).png,benign,1,4201,cbbb74b0a4c9178c,162,False,False,False,False,0.0013,0.2731,
benign/benign (309).png,benign,1,63198,feefc5e0808391c6,163,True,False,False,False,0.0046,0.2642,
benign/benign (31).png,benign,1,1610,ebb0501707d39fc1,164,False,False,True,True,0.0018,0.5496,"textlike_blobs(n=19,border_bright=0.075)"
benign/benign (310).png,benign,1,18371,ecfc8989cc86969a,165,False,False,False,False,0.0018,0.0736,
benign/benign (311).png,benign,1,38994,edf5b6a0828aca8e,166,False,False,False,False,0.0013,0.0047,
benign/benign (312).png,benign,1,39724,b69bcbccccb22324,167,True,False,True,True,0.0009,0.3332,"textlike_blobs(n=10,border_bright=0.083)"
benign/benign (313).png,benign,1,5349,cd853232cfe3c998,168,False,False,False,False,0.0014,0.035,
benign/benign (314).png,benign,1,17929,b0e78f8e52486376,169,False,False,False,False,0.002,0.0088,
benign/benign (315).png,benign,2,8256,fb8864969aa18bcb,170,False,False,False,False,0.0019,0.002,
benign/benign (316).png,benign,1,91164,c5cd3d90e87c1e83,171,False,False,False,False,0.0306,0.2905,
benign/benign (317).png,benign,1,22289,dcf1a1831ad6c6c6,172,False,False,False,False,0.0006,0.1883,
benign/benign (318).png,benign,1,1041,d4e80bc734c5eaa3,0,False,False,True,True,0.0053,0.8816,"textlike_blobs(n=32,border_bright=0.082)"
benign/benign (319).png,benign,1,9889,d1bc62793987c2b8,101,False,False,True,True,0.0039,0.6253,"textlike_blobs(n=22,border_bright=0.075)"
benign/benign (32).png,benign,1,48240,92a3ee4e43353c3c,173,False,False,False,False,0.0001,0.0253,
benign/benign (320).png,benign,1,6896,9ce93b162549e9d2,160,False,False,True,True,0.0078,0.8309,"textlike_blobs(n=30,border_bright=0.081)"
benign/benign (321).png,benign,1,804,c897777829cf428a,174,False,False,True,True,0.0042,0.8637,"textlike_blobs(n=32,border_bright=0.064)"
benign/benign (322).png,benign,1,3168,94e06b8fd391accc,175,True,False,False,False,0.0068,0.2039,
benign/benign (323).png,benign,1,7445,97aded929260616d,176,False,False,False,False,0.0102,0.3193,
benign/benign (324).png,benign,1,2708,d6f92547663e88a1,177,False,False,True,True,0.002,0.6604,"textlike_blobs(n=25,border_bright=0.035)"
benign/benign (325).png,benign,1,3619,e9a716587c26a6ca,178,True,False,False,False,0.0013,0.3541,
benign/benign (326).png,benign,1,47077,c3f8bcc6c0b98e86,179,False,False,True,True,0.0027,0.3869,"textlike_blobs(n=12,border_bright=0.087)"
benign/benign (327).png,benign,1,34279,fe8e1fe1e18e01c1,1,True,False,True,True,0.0016,0.5406,"textlike_blobs(n=20,border_bright=0.041)"
benign/benign (328).png,benign,1,2370,c1a71cd82db34b66,12,False,False,True,True,0.0081,0.6199,"textlike_blobs(n=22,border_bright=0.070)"
benign/benign (329).png,benign,1,2726,a5d25e3d62c484be,20,False,False,False,False,0.0232,0.0124,
benign/benign (33).png,benign,1,15489,a09f1ee0e1e15a9d,31,False,False,True,True,0.0032,0.3062,"textlike_blobs(n=9,border_bright=0.081)"
benign/benign (330).png,benign,1,51960,87f0c8cb4f653c92,30,False,False,False,False,0.0,0.05,
benign/benign (331).png,benign,1,6488,cd3112164ddceae3,41,True,False,False,False,0.0091,0.1962,
benign/benign (332).png,benign,1,3636,8ef1760e03c4f1b9,52,True,False,False,False,0.0329,0.0211,
benign/benign (333).png,benign,1,48986,c8e0b29f8b88e7e8,180,False,False,True,True,0.0037,0.4604,"textlike_blobs(n=17,border_bright=0.035)"
benign/benign (334).png,benign,1,6043,84c87f9887a3e8dc,181,False,False,True,True,0.0053,0.5172,"textlike_blobs(n=18,border_bright=0.067)"
benign/benign (335).png,benign,1,25863,83e69e1458d9c379,182,False,False,False,False,0.0167,0.0034,
benign/benign (336).png,benign,1,18176,b1d45e0a98d2e3a7,183,False,False,False,False,0.0035,0.2746,
benign/benign (337).png,benign,1,7091,dcc8a3359c1726ec,184,False,False,False,False,0.0028,0.2276,
benign/benign (338).png,benign,1,2462,d4846ef0fb89891d,185,False,False,False,False,0.0003,0.2931,
benign/benign (339).png,benign,1,25868,f1e30e9c2565b1b2,186,False,False,False,False,0.0021,0.0231,
benign/benign (34).png,benign,1,13836,81b83b67c6c5c53c,187,False,False,True,True,0.0071,0.4711,"textlike_blobs(n=17,border_bright=0.046)"
benign/benign (340).png,benign,1,84566,cc7213858fbc9cc9,188,False,False,False,False,0.0002,0.0579,
benign/benign (341).png,benign,1,55940,84b692c349d9bf8c,189,False,False,False,False,0.0002,0.0001,
benign/benign (342).png,benign,1,60194,916e3ccc235762b5,190,False,False,False,False,0.0032,0.0268,
benign/benign (343).png,benign,1,20580,b5964bc930b4cf98,191,False,False,True,True,0.0051,0.3967,"textlike_blobs(n=13,border_bright=0.072)"
benign/benign (344).png,benign,1,12223,ceb98110b9ffcc84,192,False,False,False,False,0.0001,0.2426,
benign/benign (345).png,benign,1,2492,fc81036ab8b1d1cf,193,False,False,True,True,0.006,0.531,"textlike_blobs(n=17,border_bright=0.106)"
benign/benign (346).png,benign,2,38191,b98d42c6f6e9a981,194,False,False,True,True,0.0001,0.3093,"textlike_blobs(n=8,border_bright=0.109)"
benign/benign (347).png,benign,1,6176,9598e862064f57d7,195,False,False,False,False,0.0005,0.0005,
benign/benign (348).png,benign,1,8081,d595ee1ae8a4e226,196,False,False,True,True,0.0061,0.5526,"textlike_blobs(n=20,border_bright=0.053)"
benign/benign (349).png,benign,1,4667,91d5fc3e3c3c0d81,197,False,False,True,True,0.0015,0.4876,"textlike_blobs(n=16,border_bright=0.088)"
benign/benign (35).png,benign,1,3049,d8dfa7e2e0809e8c,78,True,False,False,False,0.0042,0.2089,
benign/benign (350).png,benign,1,61134,89e51a9aeda17196,198,False,False,True,True,0.0059,0.4014,"textlike_blobs(n=13,border_bright=0.076)"
benign/benign (351).png,benign,1,6786,e09d3e6658999ba4,199,False,False,True,True,0.0,0.3343,"textlike_blobs(n=12,border_bright=0.034)"
benign/benign (352).png,benign,1,2607,e0acbfdd1312581b,200,False,False,False,False,0.0003,0.115,
benign/benign (353).png,benign,1,4479,dbda202925b5b4f1,201,False,False,False,False,0.002,0.2757,
benign/benign (354).png,benign,1,32629,bcd0c34f99bbb060,202,False,False,True,True,0.0,0.3382,"textlike_blobs(n=12,border_bright=0.038)"
benign/benign (355).png,benign,1,53908,95b462cbc341c5bd,203,False,False,False,False,0.0162,0.0026,
benign/benign (356).png,benign,1,38618,9dbdf4e6caca8180,204,False,False,False,False,0.0018,0.267,
benign/benign (357).png,benign,1,9506,ecb145cf9a3390cc,205,False,False,False,False,0.001,0.1122,
benign/benign (358).png,benign,1,11560,e2849de86963e2d6,206,False,False,False,False,0.001,0.2763,
benign/benign (359).png,benign,1,4408,e2ac1d15d26a2ad7,207,False,False,True,True,0.0098,0.8515,"textlike_blobs(n=30,border_bright=0.101)"
benign/benign (36).png,benign,1,25483,88e19d1e62a99e5e,208,False,False,False,False,0.0123,0.1083,
benign/benign (360).png,benign,1,15841,cde5b31252567616,209,False,False,False,False,0.0005,0.075,
benign/benign (361).png,benign,1,20689,ec941bcb3437c199,210,False,False,True,True,0.0033,0.5142,"textlike_blobs(n=17,border_bright=0.089)"
benign/benign (362).png,benign,1,3296,c3d93d06c291d9c7,211,False,False,True,True,0.0084,0.4375,"textlike_blobs(n=13,border_bright=0.112)"
benign/benign (363).png,benign,1,5341,d4ad2b4947769689,212,False,False,True,True,0.0003,0.4565,"textlike_blobs(n=17,border_bright=0.032)"
benign/benign (364).png,benign,1,13366,8c80f27dcdce4ab2,213,False,False,True,True,0.0024,0.3696,"textlike_blobs(n=11,border_bright=0.095)"
benign/benign (365).png,benign,1,7856,a7da5c07b3b0708d,214,False,False,False,False,0.0003,0.1499,
benign/benign (366).png,benign,1,18429,e5a45c588be331f4,215,False,False,True,True,0.0134,1.0,"textlike_blobs(n=37,border_bright=0.124)"
benign/benign (367).png,benign,1,33369,dfe408a8d3c722cb,216,False,False,True,True,0.0063,0.4253,"textlike_blobs(n=13,border_bright=0.100)"
benign/benign (368).png,benign,1,7759,9284c54f63d32d3d,217,False,False,False,False,0.0001,0.0,
benign/benign (369).png,benign,1,5344,f0d3b6af2d2c4870,218,False,False,True,True,0.0021,0.4618,"textlike_blobs(n=15,border_bright=0.087)"
benign/benign (37).png,benign,1,4498,eea8b19786869393,27,True,False,False,False,0.0028,0.3113,
benign/benign (370).png,benign,1,39306,e8e5179e8ac4e2b1,219,False,False,False,False,0.0006,0.138,
benign/benign (371).png,benign,1,82703,eda4929b161aeca5,220,False,False,True,True,0.0013,0.4241,"textlike_blobs(n=12,border_bright=0.124)"
benign/benign (372).png,benign,1,19410,b4b2434d8cbc3ab3,221,False,False,True,True,0.0006,0.8693,"textlike_blobs(n=30,border_bright=0.119)"
benign/benign (373).png,benign,1,10234,f3b08c4e0e3bb1a6,222,False,False,True,True,0.0132,0.5934,"textlike_blobs(n=20,border_bright=0.093)"
benign/benign (374).png,benign,1,1415,b8d06b37162f9199,223,False,False,True,True,0.0085,1.0,"textlike_blobs(n=44,border_bright=0.102)"
benign/benign (375).png,benign,1,31590,8db65accef1821a6,224,False,False,True,True,0.0037,0.8352,"textlike_blobs(n=30,border_bright=0.085)"
benign/benign (376).png,benign,1,58864,e1e39e9c3e0acac1,225,False,False,False,False,0.0011,0.3147,
benign/benign (377).png,benign,1,9459,f88526ea1cd8d393,226,False,False,True,True,0.0007,0.6281,"textlike_blobs(n=21,border_bright=0.103)"
benign/benign (378).png,benign,1,7836,f9e904551f18c8ed,227,False,False,False,False,0.0008,0.2882,
benign/benign (379).png,benign,1,17814,8f9f745a93b0c889,228,False,False,True,True,0.0031,0.9588,"textlike_blobs(n=35,border_bright=0.084)"
benign/benign (38).png,benign,1,6008,d1a5acc593939b83,33,False,False,False,False,0.0004,0.1283,
benign/benign (380).png,benign,1,7296,f5b30e48e8c033db,229,False,False,True,True,0.0038,0.7768,"textlike_blobs(n=26,border_bright=0.127)"
benign/benign (381).png,benign,1,31694,b6e009cfced4a1b2,230,False,False,True,True,0.0005,0.7063,"textlike_blobs(n=23,border_bright=0.131)"
benign/benign (382).png,benign,1,46809,95b6e2c2c8999597,231,False,False,False,False,0.0075,0.0026,
benign/benign (383).png,benign,1,16124,a68ad923f099cbd4,232,False,False,False,False,0.0057,0.1533,
benign/benign (384).png,benign,1,30669,8da0e35bd88cb873,233,False,False,False,False,0.0015,0.0004,
benign/benign (385).png,benign,1,9719,e0e09f9f89c9c266,234,False,False,False,False,0.0011,0.1137,
benign/benign (386).png,benign,1,25588,ccb6225c59c9b9a3,235,False,False,False,False,0.0016,0.1523,
benign/benign (387).png,benign,1,19230,cde3f08e8e3436a4,236,False,False,True,True,0.001,0.3475,"textlike_blobs(n=12,border_bright=0.047)"
benign/benign (388).png,benign,1,8031,d9a62958d6c7b099,237,False,False,True,True,0.0018,0.3856,"textlike_blobs(n=14,border_bright=0.036)"
benign/benign (389).png,benign,1,14289,bba5447be990c4b4,238,False,False,True,True,0.0049,0.8921,"textlike_blobs(n=32,border_bright=0.092)"
benign/benign (39).png,benign,1,5658,c2b8ef2e381883e7,239,False,False,True,True,0.0025,0.5018,"textlike_blobs(n=9,border_bright=0.277)"
benign/benign (390).png,benign,1,9108,8ef84113cfb46dc8,240,False,False,True,True,0.0079,1.0,"textlike_blobs(n=39,border_bright=0.118)"
benign/benign (391).png,benign,1,53976,ac985783224d99fb,241,False,False,True,True,0.0024,0.7,"textlike_blobs(n=24,border_bright=0.100)"
benign/benign (392).png,benign,1,88348,b4e1cb4227aeb2b2,242,False,False,False,False,0.0396,0.0202,
benign/benign (393).png,benign,1,102917,c6fb98846be36542,243,False,False,True,True,0.0055,0.3457,"textlike_blobs(n=12,border_bright=0.046)"
benign/benign (394).png,benign,1,9743,ecd34b6474363750,244,False,False,True,True,0.0011,0.3461,"textlike_blobs(n=13,border_bright=0.021)"
benign/benign (395).png,benign,1,41982,cee9211791d85e17,245,False,False,True,True,0.0006,0.5467,"textlike_blobs(n=21,border_bright=0.022)"
benign/benign (396).png,benign,1,2738,b1b5fe9fcc684081,246,False,False,False,False,0.0072,0.0036,
benign/benign (397).png,benign,1,30776,bccc87b3f0b288ac,247,False,False,True,True,0.0069,0.5168,"textlike_blobs(n=19,border_bright=0.042)"
benign/benign (398).png,benign,1,57005,aeba7bb581c96150,248,False,False,False,False,0.0023,0.1817,
benign/benign (399).png,benign,1,36171,96e1b196da6c6991,249,True,False,False,False,0.0014,0.1166,
benign/benign (4).png,benign,2,2608,c8d77678298f628a,174,False,False,True,True,0.005,0.8635,"textlike_blobs(n=32,border_bright=0.064)"
benign/benign (40).png,benign,1,8589,94c3d7cc68b1b394,250,False,False,False,False,0.0002,0.0021,
benign/benign (400).png,benign,1,167313,87a8d0f159cec789,251,False,False,True,True,0.0037,0.479,"textlike_blobs(n=16,border_bright=0.079)"
benign/benign (401).png,benign,1,28568,f18607ec98cca5b3,252,False,False,True,True,0.0076,0.5605,"textlike_blobs(n=20,border_bright=0.061)"
benign/benign (402).png,benign,1,12053,cfe93c252132935b,253,False,False,True,True,0.0023,0.524,"textlike_blobs(n=20,border_bright=0.024)"
benign/benign (403).png,benign,1,35763,c9b63ec9cc0c3c8d,254,False,False,False,False,0.0025,0.1243,
benign/benign (404).png,benign,1,191793,9ce8b1218a9d5eea,255,False,False,True,True,0.0012,0.6443,"textlike_blobs(n=23,border_bright=0.069)"
benign/benign (405).png,benign,1,80623,a5847e93c1e372d8,256,False,False,False,False,0.0052,0.0342,
benign/benign (406).png,benign,1,38429,dce1179ed84969c8,257,False,False,False,False,0.0026,0.1777,
benign/benign (407).png,benign,1,93557,e59d903aa3e09c2f,258,False,False,True,True,0.0024,0.5983,"textlike_blobs(n=21,border_bright=0.073)"
benign/benign (408).png,benign,1,19359,fcb0d12387ce0da6,259,False,False,True,True,0.003,0.7006,"textlike_blobs(n=25,border_bright=0.076)"
benign/benign (409).png,benign,1,95213,84ad9bd2615b8ca7,260,False,False,True,True,0.0065,0.7549,"textlike_blobs(n=28,border_bright=0.055)"
benign/benign (41).png,benign,1,23703,d0988f703c8fd9f0,261,False,False,True,True,0.001,0.4998,"textlike_blobs(n=19,border_bright=0.025)"
benign/benign (410).png,benign,1,31697,93c89ca4e7372a1b,262,False,False,True,True,0.0064,0.7293,"textlike_blobs(n=27,border_bright=0.054)"
benign/benign (411).png,benign,1,40403,cee9211591d85e97,245,False,False,True,True,0.0,0.6092,"textlike_blobs(n=22,border_bright=0.059)"
benign/benign (412).png,benign,1,179884,87b8d0f159cec389,251,False,False,True,True,0.0022,0.369,"textlike_blobs(n=12,border_bright=0.069)"
benign/benign (413).png,benign,1,2227,b1b5fe9ecc684281,246,False,False,False,False,0.0023,0.0265,
benign/benign (414).png,benign,1,175486,8da7775a68697068,263,False,False,False,False,0.0,0.2036,
benign/benign (415).png,benign,1,209121,9ce8a1239a9d5aea,255,False,False,True,True,0.0056,0.6893,"textlike_blobs(n=24,border_bright=0.089)"
benign/benign (416).png,benign,1,15080,c0b37d4c9cc2d8f2,264,False,False,True,True,0.0076,0.4304,"textlike_blobs(n=15,border_bright=0.055)"
benign/benign (417).png,benign,1,7036,d6d22928c899f3f2,265,False,False,False,False,0.0019,0.1623,
benign/benign (418).png,benign,1,7406,869df934c1cb92b8,266,False,False,False,False,0.0014,0.0793,
benign/benign (419).png,benign,1,10624,a5b55aa2e2e3858e,161,False,False,False,False,0.0029,0.3165,
benign/benign (42).png,benign,1,16545,91bcfe4b66c66121,32,True,False,False,False,0.0004,0.3008,
benign/benign (420).png,benign,1,55571,a3891c1266e7e9ea,267,False,False,False,False,0.0016,0.3129,
benign/benign (421).png,benign,1,39998,b69bcbccccb22324,167,True,False,True,True,0.0008,0.2892,"textlike_blobs(n=8,border_bright=0.089)"
benign/benign (422).png,benign,1,68711,feefc5e0808391c6,163,True,False,False,False,0.0045,0.2877,
benign/benign (423).png,benign,1,17387,eafc8d89cc86949a,165,False,False,False,False,0.0023,0.1043,
benign/benign (424).png,benign,2,5376,c9bb7498a4cd1786,162,False,False,False,False,0.0002,0.2741,
benign/benign (425).png,benign,1,5124,95e46b9f52120ced,70,False,False,True,True,0.003,0.2903,"textlike_blobs(n=7,border_bright=0.115)"
benign/benign (426).png,benign,1,79105,c5cd3d98e8781e83,171,False,False,False,False,0.0306,0.2682,
benign/benign (427).png,benign,1,8443,f0a32f8de768603c,268,False,False,True,True,0.0077,0.4323,"textlike_blobs(n=16,border_bright=0.032)"
benign/benign (428).png,benign,1,17602,caf9b787b824b430,269,False,False,False,False,0.0125,0.2098,
benign/benign (429).png,benign,1,3225,b0f06b858e4bcb95,270,False,False,True,True,0.0008,0.3622,"textlike_blobs(n=14,border_bright=0.012)"
benign/benign (43).png,benign,1,2331,a4954b68e1f38fa8,271,False,False,False,False,0.0016,0.1491,
benign/benign (430).png,benign,1,17936,a7b968d886878ec6,272,False,False,True,True,0.0019,0.355,"textlike_blobs(n=10,border_bright=0.105)"
benign/benign (431).png,benign,1,4066,a6e9490d5c28eb97,273,False,False,False,False,0.0015,0.2708,
benign/benign (432).png,benign,1,14408,dbe1059d9a3a3165,274,False,False,True,True,0.063,0.3861,"textlike_blobs(n=14,border_bright=0.036)"
benign/benign (433).png,benign,1,3186,f1918fcecee62c02,275,True,False,False,False,0.0041,0.1729,
benign/benign (434).png,benign,1,50047,81e2cd9c9c6c6af8,276,False,False,False,False,0.0,0.0806,
benign/benign (435).png,benign,1,3850,91d3eccccc8e9e21,277,False,False,False,False,0.0023,0.2173,
benign/benign (436).png,benign,1,22863,e7bc38cb094d6744,278,False,False,False,False,0.016,0.2876,
benign/benign (437).png,benign,1,1757,cfb5684a22929d5d,279,False,False,True,True,0.0023,0.8453,"textlike_blobs(n=30,border_bright=0.095)"
benign/benign (44).png,benign,1,6065,b3984c47e7f038b2,29,False,False,True,True,0.0043,0.9451,"textlike_blobs(n=36,border_bright=0.045)"
benign/benign (45).png,benign,1,31072,a5b831c5cab8bcb2,280,False,False,True,True,0.0041,0.8391,"textlike_blobs(n=30,border_bright=0.089)"
benign/benign (46).png,benign,1,2423,c1b12bcc1cd3b2b6,281,False,False,True,True,0.0054,0.7027,"textlike_blobs(n=25,border_bright=0.078)"
benign/benign (47).png,benign,1,2284,a6ba3a7115c5eec0,282,False,False,True,True,0.004,0.8196,"textlike_blobs(n=29,border_bright=0.095)"
benign/benign (48).png,benign,1,33097,8fb9c4c679593581,283,False,False,True,True,0.0024,0.3383,"textlike_blobs(n=12,border_bright=0.038)"
benign/benign (49).png,benign,1,143015,a1e8de9531de9330,284,False,False,True,True,0.0044,0.765,"textlike_blobs(n=26,border_bright=0.115)"
benign/benign (5).png,benign,1,3409,94e06b8fd391accc,175,True,False,False,False,0.0066,0.2589,
benign/benign (50).png,benign,1,14608,a59e6283d33c3cc3,37,False,False,False,False,0.0039,0.2502,
benign/benign (51).png,benign,1,1093,94f67859c1672e86,34,False,False,True,True,0.0267,0.5141,"textlike_blobs(n=19,border_bright=0.039)"
benign/benign (52).png,benign,1,1284,ce8da9693b9a8692,35,False,False,True,True,0.0247,0.3487,"textlike_blobs(n=13,border_bright=0.024)"
benign/benign (53).png,benign,1,4931,b9c58612f3e9c992,285,False,False,False,False,0.0012,0.1072,
benign/benign (54).png,benign,2,20750,b5cd4c1391716d6c,286,False,False,True,True,0.0017,0.496,"textlike_blobs(n=18,border_bright=0.046)"
benign/benign (55).png,benign,1,8946,8df27605314a8f9b,287,False,False,True,True,0.0,0.5476,"textlike_blobs(n=18,border_bright=0.098)"
benign/benign (56).png,benign,1,34453,94b67a4d47e0313b,288,False,False,False,False,0.0,0.0002,
benign/benign (57).png,benign,1,3536,98b0be5ac9e9c9c1,289,False,False,False,False,0.0036,0.1812,
benign/benign (58).png,benign,2,14751,e7b87843878786c6,36,True,False,False,False,0.0029,0.2539,
benign/benign (59).png,benign,1,13832,e5c9c99e96b63421,290,False,False,True,True,0.0019,0.4242,"textlike_blobs(n=11,border_bright=0.149)"
benign/benign (6).png,benign,1,7412,97aded929260706d,176,False,False,False,False,0.009,0.2398,
benign/benign (60).png,benign,1,2427,a884f477aa2b1b1b,39,False,False,True,True,0.0046,0.6134,"textlike_blobs(n=21,border_bright=0.088)"
benign/benign (61).png,benign,1,19209,80a03ec4729ff3d9,10,False,False,False,False,0.002,0.085,
benign/benign (62).png,benign,1,49722,97e888b7682a276d,291,False,False,True,True,0.0,0.3863,"textlike_blobs(n=14,border_bright=0.036)"
benign/benign (63).png,benign,1,3949,9996ce4a42b53e99,292,False,False,False,False,0.0004,0.0006,
benign/benign (64).png,benign,1,128953,9d9497c591d3c0d9,293,False,False,False,False,0.0393,0.3442,
benign/benign (65).png,benign,1,11242,d6e0298df2929ae9,40,True,False,False,False,0.0036,0.2154,
benign/benign (66).png,benign,1,8318,b7ebda941409c9d4,294,False,False,True,True,0.0051,0.3983,"textlike_blobs(n=14,border_bright=0.048)"
benign/benign (67).png,benign,1,44240,d0ad863d91e22fb1,295,False,False,False,False,0.005,0.3113,
benign/benign (68).png,benign,1,79154,b5e29295ccd298ec,296,False,False,True,True,0.0023,0.3725,"textlike_blobs(n=12,border_bright=0.073)"
benign/benign (69).png,benign,1,5174,95f77a4866672590,297,False,False,False,False,0.0009,0.0011,
benign/benign (7).png,benign,1,2204,def92147663e88a1,177,False,False,True,True,0.0012,0.6126,"textlike_blobs(n=23,border_bright=0.038)"
benign/benign (70).png,benign,1,3495,85d3f24c54a59bb1,298,False,False,False,False,0.0003,0.0014,
benign/benign (71).png,benign,1,2315,fbe1249c9ae0d1d2,299,False,False,False,False,0.0016,0.0363,
benign/benign (72).png,benign,1,20685,e09ea5e1f31d18f0,300,False,False,False,False,0.0028,0.2927,
benign/benign (73).png,benign,1,61594,b46a9a9cb59391b4,301,False,False,False,False,0.0021,0.2635,
benign/benign (74).png,benign,1,2108,99e462397d5e9382,302,False,False,True,True,0.0025,0.5969,"textlike_blobs(n=22,border_bright=0.047)"
benign/benign (75).png,benign,1,14123,c4b32c2c73d38ecc,303,False,False,False,False,0.001,0.0758,
benign/benign (76).png,benign,1,10263,98fc6307c7b8b0ac,304,False,False,False,False,0.0,0.0545,
benign/benign (77).png,benign,1,7983,98a8e5f2d2d5c5c1,305,False,False,False,False,0.0009,0.0005,
benign/benign (78).png,benign,1,5828,d2fb2c858cdab381,306,False,False,True,True,0.003,0.4399,"textlike_blobs(n=15,border_bright=0.065)"
benign/benign (79).png,benign,1,18767,b2f0d9cf8d0c8e4c,307,False,False,False,False,0.0042,0.15,
benign/benign (8).png,benign,1,3997,e9a716587c26a6ca,178,True,False,True,True,0.0009,0.3746,"textlike_blobs(n=13,border_bright=0.050)"
benign/benign (80).png,benign,1,60746,97e9ca9668ca334c,308,False,False,False,False,0.0033,0.2746,
benign/benign (81).png,benign,1,4011,fce28299293d6cd4,98,False,False,True,True,0.0028,0.659,"textlike_blobs(n=23,border_bright=0.084)"
benign/benign (82).png,benign,1,14515,d6dc1a0eecd2932c,309,False,False,False,False,0.0224,0.0839,
benign/benign (83).png,benign,2,4241,f1e9283786c6c6b1,310,False,False,True,True,0.001,0.6336,"textlike_blobs(n=17,border_bright=0.209)"
benign/benign (84).png,benign,1,45021,d544939646ac6cdb,311,False,False,False,False,0.0006,0.1017,
benign/benign (85).png,benign,1,28115,97adf2f0c8c890b9,64,True,False,False,False,0.0021,0.2368,
benign/benign (86).png,benign,1,3074,9bee74508169799c,63,False,False,True,True,0.0037,0.6026,"textlike_blobs(n=22,border_bright=0.053)"
benign/benign (87).png,benign,1,8875,a1a878c6c6d3b6cc,312,False,False,False,False,0.0012,0.2852,
benign/benign (88).png,benign,1,38760,a5d4a7a55a19c1f8,313,False,False,False,False,0.003,0.1422,
benign/benign (89).png,benign,1,8041,caee37b5b0c08e8c,314,False,False,True,True,0.0037,0.8035,"textlike_blobs(n=29,border_bright=0.078)"
benign/benign (9).png,benign,1,48785,c3f8b4c6e13d8e82,179,False,False,False,False,0.0029,0.2743,
benign/benign (90).png,benign,1,3287,b38b4b38707737a0,315,False,False,True,True,0.0022,0.6473,"textlike_blobs(n=21,border_bright=0.122)"
benign/benign (91).png,benign,1,3430,84847b336b5ad1d5,316,False,False,False,False,0.0002,0.0267,
benign/benign (92).png,benign,2,29750,90f3cf1c948c6a73,317,False,False,True,True,0.0,0.8856,"textlike_blobs(n=32,border_bright=0.086)"
benign/benign (93).png,benign,2,9830,b49c1f49fc70e0e1,318,False,False,True,True,0.0026,0.7279,"textlike_blobs(n=27,border_bright=0.053)"
benign/benign (94).png,benign,1,10379,80a03ec4339ff3d9,10,False,False,False,False,0.0029,0.2073,
benign/benign (95).png,benign,1,3486,89844252f4a4fddf,319,False,False,False,False,0.0049,0.2977,
benign/benign (96).png,benign,1,60695,c4b9e34e33f1dc80,58,False,False,True,True,0.001,0.5159,"textlike_blobs(n=18,border_bright=0.066)"
benign/benign (97).png,benign,1,48233,94d5756468919797,320,False,False,False,False,0.0216,0.2887,
benign/benign (98).png,benign,2,140672,9180cab525db3bcb,321,False,False,True,True,0.0063,0.5383,"textlike_blobs(n=20,border_bright=0.038)"
benign/benign (99).png,benign,1,11116,d6e0299dd2929ae9,40,False,False,False,False,0.0038,0.1489,
malignant/malignant (1).png,malignant,1,90995,dae885953e4e3269,322,False,False,True,True,0.003,0.4885,"textlike_blobs(n=14,border_bright=0.138)"
malignant/malignant (10).png,malignant,1,5469,d7a60a89b1dbc2a5,323,False,False,True,True,0.0728,0.3516,"textlike_blobs(n=13,border_bright=0.027)"
malignant/malignant (100).png,malignant,1,15909,b1a3dec888b0fab1,324,False,False,True,True,0.0033,0.4694,"textlike_blobs(n=14,border_bright=0.119)"
malignant/malignant (101).png,malignant,1,68531,f1d109a4663697e6,325,False,False,False,False,0.0015,0.0251,
malignant/malignant (102).png,malignant,1,63800,91c54432338dcf7e,326,False,False,False,False,0.0009,0.0,
malignant/malignant (103).png,malignant,1,53424,b3c34d2c3879b1b2,327,False,False,True,True,0.0105,0.6598,"textlike_blobs(n=22,border_bright=0.110)"
malignant/malignant (104).png,malignant,1,47473,b4c29bb969743643,328,False,False,True,True,0.0006,0.4024,"textlike_blobs(n=13,border_bright=0.077)"
malignant/malignant (105).png,malignant,1,7245,d4a021cbde95e4d6,329,False,False,False,False,0.005,0.2238,
malignant/malignant (106).png,malignant,1,21853,93800c5de787bdca,330,False,False,False,False,0.0138,0.323,
malignant/malignant (107).png,malignant,1,31747,91eb0f56f0e08dca,331,False,False,False,False,0.0069,0.2665,
malignant/malignant (108).png,malignant,1,47983,808085e13fcfdf93,332,False,False,True,True,0.0124,0.3241,"textlike_blobs(n=12,border_bright=0.024)"
malignant/malignant (109).png,malignant,1,20068,d3b208f8d6a4b9b8,333,False,False,True,True,0.0065,0.3706,"textlike_blobs(n=14,border_bright=0.021)"
malignant/malignant (11).png,malignant,1,11540,8ff01ae2009dd9d7,334,False,False,False,False,0.0186,0.1901,
malignant/malignant (110).png,malignant,1,8899,a3d81ce24f9cb4b2,335,False,False,True,True,0.0171,0.8429,"textlike_blobs(n=31,border_bright=0.068)"
malignant/malignant (111).png,malignant,1,41870,a095cf49376e3b24,336,False,False,False,False,0.036,0.2768,
malignant/malignant (112).png,malignant,1,5164,d7a60a89b1dbc227,323,False,False,True,True,0.0173,0.4273,"textlike_blobs(n=16,border_bright=0.027)"
malignant/malignant (113).png,malignant,1,19181,84c159874f948bfe,337,False,False,True,True,0.0149,0.3791,"textlike_blobs(n=15,border_bright=0.004)"
malignant/malignant (114).png,malignant,1,27988,a1f0decfed6420b0,338,False,False,False,False,0.0386,0.1548,
malignant/malignant (115).png,malignant,1,20719,a484ce5b1bb97364,339,False,False,True,True,0.0,0.5192,"textlike_blobs(n=20,border_bright=0.019)"
malignant/malignant (116).png,malignant,1,13582,8c9ab3a7a5656968,340,True,False,False,False,0.0003,0.1526,
malignant/malignant (117).png,malignant,1,22461,8c9c786343879f3c,341,False,False,True,True,0.0034,0.4276,"textlike_blobs(n=16,border_bright=0.028)"
malignant/malignant (118).png,malignant,1,30867,e0c89b972f6ae0e4,342,False,False,True,True,0.0032,0.4522,"textlike_blobs(n=15,border_bright=0.077)"
malignant/malignant (119).png,malignant,1,28930,e0c99b172e6ae0ec,342,False,False,True,True,0.0182,0.6656,"textlike_blobs(n=24,border_bright=0.066)"
malignant/malignant (12).png,malignant,1,5299,a3d914e24f9cb0b3,335,False,False,True,True,0.0798,0.7442,"textlike_blobs(n=27,border_bright=0.069)"
malignant/malignant (120).png,malignant,1,45152,e1e69f986468c2e6,343,False,False,True,True,0.0039,0.3071,"textlike_blobs(n=9,border_bright=0.082)"
malignant/malignant (121).png,malignant,1,3512,c09a3d3d35c7d161,344,False,False,True,True,0.0088,0.5516,"textlike_blobs(n=18,border_bright=0.102)"
malignant/malignant (122).png,malignant,1,50519,e1f49e8ba320e4e3,345,False,False,False,False,0.0221,0.3479,
malignant/malignant (123).png,malignant,1,30076,a1f0dfcfc96424b0,338,False,False,False,False,0.0355,0.1556,
malignant/malignant (124).png,malignant,1,44941,f095de8ce90b19b8,346,False,False,True,True,0.0197,0.4287,"textlike_blobs(n=13,border_bright=0.104)"
malignant/malignant (125).png,malignant,1,13033,a4985b8bb0e6f634,347,False,False,True,True,0.0149,0.26,"textlike_blobs(n=7,border_bright=0.085)"
malignant/malignant (126).png,malignant,1,18584,f1910e5ecaa3b326,348,False,False,True,True,0.0192,0.5315,"textlike_blobs(n=18,border_bright=0.081)"
malignant/malignant (127).png,malignant,1,80644,a496cec1d3db1368,349,False,False,True,True,0.0373,0.4451,"textlike_blobs(n=16,border_bright=0.045)"
malignant/malignant (128).png,malignant,1,105745,a083c9c899cef4f6,350,False,False,True,True,0.0379,0.5383,"textlike_blobs(n=19,border_bright=0.063)"
malignant/malignant (129).png,malignant,1,103510,b293c1cc89cec6d6,351,False,False,True,True,0.0317,0.4248,"textlike_blobs(n=14,border_bright=0.075)"
malignant/malignant (13).png,malignant,1,15446,c3b229f8d6a4b8b8,333,False,False,False,False,0.0531,0.3043,
malignant/malignant (130).png,malignant,1,32239,d6cd9b52642798b4,352,False,False,True,True,0.0181,0.5029,"textlike_blobs(n=18,border_bright=0.053)"
malignant/malignant (131).png,malignant,1,13678,9dd5c5c55a30a595,353,False,False,True,True,0.0135,0.4665,"textlike_blobs(n=17,border_bright=0.042)"
malignant/malignant (132).png,malignant,1,84795,b8eed1906a4b3965,354,False,False,True,True,0.007,0.6948,"textlike_blobs(n=23,border_bright=0.120)"
malignant/malignant (133).png,malignant,1,87550,a8e5d0d25bc99d89,355,False,False,True,True,0.0,0.6041,"textlike_blobs(n=12,border_bright=0.304)"
malignant/malignant (134).png,malignant,1,16162,eeb81b67653c01c3,356,False,False,True,True,0.0054,0.5249,"textlike_blobs(n=18,border_bright=0.075)"
malignant/malignant (135).png,malignant,1,38263,98a74c9e33f38c83,357,False,False,False,False,0.0029,0.2142,
malignant/malignant (136).png,malignant,1,4971,ececa687131b1999,358,False,False,False,False,0.0049,0.0373,
malignant/malignant (137).png,malignant,1,34498,e5b991c1eada4646,359,False,False,False,False,0.0034,0.0026,
malignant/malignant (138).png,malignant,1,31109,f1904e0e39a4f6c7,360,False,False,False,False,0.0035,0.1385,
malignant/malignant (139).png,malignant,1,31649,b9b2e2c2c18de4f8,361,False,False,True,True,0.0066,0.4865,"textlike_blobs(n=17,border_bright=0.062)"
malignant/malignant (14).png,malignant,1,17891,b1f0decfc96424b0,338,False,False,False,False,0.0814,0.1284,
malignant/malignant (140).png,malignant,1,29390,a2eca5c0939f58d9,362,False,False,True,True,0.0065,0.3535,"textlike_blobs(n=13,border_bright=0.028)"
malignant/malignant (141).png,malignant,1,13438,89e4549ab3d3658d,363,False,False,False,False,0.0007,0.1123,
malignant/malignant (142).png,malignant,1,80699,e19f5861671e8b89,364,False,False,True,True,0.0034,0.8349,"textlike_blobs(n=30,border_bright=0.085)"
malignant/malignant (143).png,malignant,1,12321,c4b12e6f8fb0b1c4,365,False,False,False,False,0.011,0.2571,
malignant/malignant (144).png,malignant,1,66146,e1979e4c6ce80ad3,366,False,False,False,False,0.0009,0.1105,
malignant/malignant (145).png,malignant,1,4112,f1918fcecee62c02,275,True,False,False,False,0.0041,0.1729,
malignant/malignant (146).png,malignant,1,48281,d4708bcf3d8ca493,367,False,False,False,False,0.0027,0.0271,
malignant/malignant (147).png,malignant,1,11899,b5d4ca0aa3274dd9,368,False,False,False,False,0.0014,0.0005,
malignant/malignant (148).png,malignant,1,2856,c0ff3e904167198f,369,False,False,True,True,0.0062,0.999,"textlike_blobs(n=38,border_bright=0.049)"
malignant/malignant (149).png,malignant,1,34306,ed91d0162f3cf0cc,370,False,False,True,True,0.0022,0.4001,"textlike_blobs(n=14,border_bright=0.050)"
malignant/malignant (15).png,malignant,1,37600,8097cfcb35663b24,336,False,False,False,False,0.0931,0.2259,
malignant/malignant (150).png,malignant,1,102194,e4f8d53c1c276a85,371,False,False,True,True,0.0013,0.4222,"textlike_blobs(n=13,border_bright=0.097)"
malignant/malignant (151).png,malignant,1,43830,c7859d73e2a82c2e,372,False,False,False,False,0.0026,0.0542,
malignant/malignant (152).png,malignant,1,96180,e68e9931799aca85,373,False,False,True,True,0.0035,0.6119,"textlike_blobs(n=20,border_bright=0.112)"
malignant/malignant (153).png,malignant,1,138357,a6a7c69b195d9914,374,False,False,False,False,0.02,0.0035,
malignant/malignant (154).png,malignant,1,58054,e0bd44c09bfb47e0,375,False,False,False,False,0.0018,0.3169,
malignant/malignant (155).png,malignant,1,38117,b5830e9e9b88d0f5,376,False,False,False,False,0.0009,0.1108,
malignant/malignant (156).png,malignant,1,108947,c4b281e5dbd934b4,377,False,False,False,False,0.0019,0.1195,
malignant/malignant (157).png,malignant,1,5265,b2cbec07d19adaa0,378,False,False,True,True,0.0086,0.5048,"textlike_blobs(n=19,border_bright=0.030)"
malignant/malignant (158).png,malignant,1,34631,f3ec95911d5c581a,379,False,False,True,True,0.0115,0.7273,"textlike_blobs(n=27,border_bright=0.052)"
malignant/malignant (159).png,malignant,1,57045,e1cb0d3d52b31e8c,380,False,False,True,True,0.0003,0.5698,"textlike_blobs(n=20,border_bright=0.070)"
malignant/malignant (16).png,malignant,1,48943,b1c1c2eacdcee0b2,381,False,False,False,False,0.004,0.1137,
malignant/malignant (160).png,malignant,1,76548,e9899dde3662b230,382,False,False,True,True,0.0036,0.5588,"textlike_blobs(n=21,border_bright=0.034)"
malignant/malignant (161).png,malignant,1,95915,a9e1ec8606c2d6ed,383,False,False,True,True,0.0029,0.5256,"textlike_blobs(n=18,border_bright=0.076)"
malignant/malignant (162).png,malignant,1,137556,9aab81d5b68cd85a,384,False,False,False,False,0.0021,0.3014,
malignant/malignant (163).png,malignant,1,167411,d19490f24ad34fce,385,False,False,True,True,0.0073,0.3184,"textlike_blobs(n=12,border_bright=0.018)"
malignant/malignant (164).png,malignant,1,146711,e0b99998cbafc4e0,386,False,False,False,False,0.0015,0.1789,
malignant/malignant (165).png,malignant,1,70769,f8d1959eae654544,387,False,False,False,False,0.0005,0.0025,
malignant/malignant (166).png,malignant,1,9614,95c962e0f0f895c7,388,False,False,False,False,0.0012,0.1426,
malignant/malignant (167).png,malignant,1,57587,8e93c47c373419c7,389,False,False,True,True,0.008,0.8352,"textlike_blobs(n=32,border_bright=0.035)"
malignant/malignant (168).png,malignant,1,50109,e6d699193961a9e2,390,False,False,False,False,0.0025,0.2898,
malignant/malignant (169).png,malignant,1,1305,9d9f4ac033338d9c,391,False,False,True,True,0.0041,0.5653,"textlike_blobs(n=20,border_bright=0.065)"
malignant/malignant (17).png,malignant,1,35657,b8a2ee9d896a7225,392,False,False,True,True,0.005,0.4444,"textlike_blobs(n=15,border_bright=0.069)"
malignant/malignant (170).png,malignant,1,82118,f1e184850fdee2b8,393,False,False,False,False,0.0013,0.2006,
malignant/malignant (171).png,malignant,1,33432,a08517dada1f3363,394,False,False,True,True,0.0044,0.7747,"textlike_blobs(n=27,border_bright=0.100)"
malignant/malignant (172).png,malignant,1,18664,b1d1d5b49d0507cb,395,False,False,False,False,0.004,0.2353,
malignant/malignant (173).png,malignant,1,14986,ece8f201868abedc,396,False,False,False,False,0.003,0.0034,
malignant/malignant (174).png,malignant,1,29579,8492f3e18dcd4f0e,397,False,False,False,False,0.0035,0.2595,
malignant/malignant (175).png,malignant,1,56917,eecec1d19bbb6800,398,False,False,False,False,0.0033,0.0265,
malignant/malignant (176).png,malignant,1,40621,aab8d0c383c647cf,399,False,False,False,False,0.0032,0.0522,
malignant/malignant (177).png,malignant,1,17348,eece83b930705157,400,False,False,False,False,0.0007,0.1508,
malignant/malignant (178).png,malignant,1,23054,ece0418d9dbcacc6,401,False,False,False,False,0.0039,0.0267,
malignant/malignant (179).png,malignant,1,26254,e7809e193962a6ee,402,False,False,True,True,0.0058,0.318,"textlike_blobs(n=12,border_bright=0.018)"
malignant/malignant (18).png,malignant,1,19204,8c9ab3a7a5656968,340,True,False,False,False,0.0002,0.1016,
malignant/malignant (180).png,malignant,1,27730,b4c8233b5ce593f0,403,False,False,True,True,0.0072,0.314,"textlike_blobs(n=12,border_bright=0.014)"
malignant/malignant (181).png,malignant,1,11063,bbb39b9d5c686060,404,False,False,False,False,0.0004,0.1398,
malignant/malignant (182).png,malignant,1,84653,b0e1cf8eb492d9c1,405,False,False,True,True,0.006,0.6153,"textlike_blobs(n=21,border_bright=0.090)"
malignant/malignant (183).png,malignant,1,54718,a484df8aa9a8bae3,406,False,False,False,False,0.0023,0.2391,
malignant/malignant (184).png,malignant,1,36927,b1f0c8899b8eccec,407,False,False,False,False,0.0003,0.1624,
malignant/malignant (185).png,malignant,1,67775,9eb0418dbbbc88e3,408,False,False,False,False,0.0032,0.1025,
malignant/malignant (186).png,malignant,1,88940,e1a5959e87d05cd8,409,False,False,True,True,0.0,0.4247,"textlike_blobs(n=16,border_bright=0.025)"
malignant/malignant (187).png,malignant,1,54503,b2e04f1c3c7ce1e2,410,False,False,True,True,0.0033,0.6727,"textlike_blobs(n=23,border_bright=0.098)"
malignant/malignant (188).png,malignant,1,45445,b5d2ca0c4df2b2b1,411,False,False,False,False,0.0063,0.0029,
malignant/malignant (189).png,malignant,1,2832,978d9d94c8969e89,412,False,False,False,False,0.0009,0.0674,
malignant/malignant (19).png,malignant,1,46355,a4c24b396865f5f2,413,False,False,True,True,0.0024,0.4802,"textlike_blobs(n=16,border_bright=0.080)"
malignant/malignant (190).png,malignant,1,22523,a0824f8d8d5b766e,414,False,False,False,False,0.0003,0.0542,
malignant/malignant (191).png,malignant,1,12415,d7d4e090c6d09ed3,415,False,False,False,False,0.0014,0.0773,
malignant/malignant (192).png,malignant,1,5806,a1895c7c32e2a78f,416,False,False,False,False,0.0016,0.182,
malignant/malignant (193).png,malignant,1,16310,f8a30e4cc8e8729f,417,False,False,True,True,0.0019,0.4402,"textlike_blobs(n=15,border_bright=0.065)"
malignant/malignant (194).png,malignant,1,66499,ddb514c66c0adae1,418,False,False,False,False,0.0008,0.2128,
malignant/malignant (195).png,malignant,1,46680,b4d08f0f3034ecb7,419,False,False,True,True,0.0054,0.6703,"textlike_blobs(n=24,border_bright=0.070)"
malignant/malignant (196).png,malignant,1,26542,b9f1868ecc05e0fa,420,False,False,False,False,0.0028,0.0617,
malignant/malignant (197).png,malignant,1,29061,f1830ee8aa81deba,421,False,False,False,False,0.0015,0.0639,
malignant/malignant (198).png,malignant,1,33439,8e8f9cbc78707262,422,False,False,False,False,0.0097,0.052,
malignant/malignant (199).png,malignant,1,15851,b6e1410a29a7b6b7,423,False,False,True,True,0.0025,0.6842,"textlike_blobs(n=26,border_bright=0.034)"
malignant/malignant (2).png,malignant,1,92533,c0939d9c4deb4b51,424,False,False,True,True,0.0082,0.5133,"textlike_blobs(n=17,border_bright=0.088)"
malignant/malignant (20).png,malignant,1,51359,a4c09a296ed6a5e7,425,False,False,False,False,0.0038,0.0922,
malignant/malignant (200).png,malignant,1,12666,80d47f5f632c3c92,426,False,False,False,False,0.0106,0.1937,
malignant/malignant (201).png,malignant,1,78455,a3a1dede3c394183,427,False,False,True,True,0.0053,0.4243,"textlike_blobs(n=15,border_bright=0.049)"
malignant/malignant (202).png,malignant,1,36664,b1f0c38f8dccc4e4,428,False,False,False,False,0.0012,0.2756,
malignant/malignant (203).png,malignant,1,53353,e6f8998f0e060e7a,429,False,False,False,False,0.0002,0.1527,
malignant/malignant (204).png,malignant,1,47346,e7e6ba1919129a2e,430,False,False,False,False,0.0025,0.3197,
malignant/malignant (205).png,malignant,1,87721,a183875ec8fcb4b2,431,False,False,True,True,0.007,0.4714,"textlike_blobs(n=16,border_bright=0.071)"
malignant/malignant (206).png,malignant,1,145206,b098c86f273f33c8,432,False,False,True,True,0.0065,0.6631,"textlike_blobs(n=25,border_bright=0.038)"
malignant/malignant (207).png,malignant,1,28227,b9b3e286c4c8e8f8,433,False,False,False,False,0.0064,0.3322,
malignant/malignant (208).png,malignant,1,145369,e1e084971e76636b,434,False,False,False,False,0.0091,0.0277,
malignant/malignant (209).png,malignant,1,5025,b980465fafa33239,435,False,False,False,False,0.0028,0.181,
malignant/malignant (21).png,malignant,1,43594,9d9e6f6ba2a46062,436,False,False,False,False,0.0014,0.0463,
malignant/malignant (210).png,malignant,1,100618,f9961a6967da9c80,437,False,False,True,True,0.0056,0.4857,"textlike_blobs(n=16,border_bright=0.086)"
malignant/malignant (22).png,malignant,1,41476,e7d498796b238d84,438,False,False,True,True,0.0028,0.4225,"textlike_blobs(n=15,border_bright=0.047)"
malignant/malignant (23).png,malignant,1,87195,f9c9c226371a9c8d,439,False,False,False,False,0.0042,0.3322,
malignant/malignant (24).png,malignant,1,55605,f4908b6f2c10b3bb,440,False,False,True,True,0.0029,0.6079,"textlike_blobs(n=22,border_bright=0.058)"
malignant/malignant (25).png,malignant,1,82133,f3928e4d3c38f0e1,441,False,False,True,True,0.0028,0.3415,"textlike_blobs(n=12,border_bright=0.041)"
malignant/malignant (26).png,malignant,1,12900,d1a22ebdddd81d10,442,False,False,True,True,0.0071,0.5335,"textlike_blobs(n=19,border_bright=0.059)"
malignant/malignant (27).png,malignant,1,7527,cdd86225156e6b8b,443,False,False,True,True,0.0031,0.5443,"textlike_blobs(n=19,border_bright=0.069)"
malignant/malignant (28).png,malignant,1,8802,8dd26225656b6a9b,444,False,False,True,True,0.0042,0.6033,"textlike_blobs(n=21,border_bright=0.078)"
malignant/malignant (29).png,malignant,1,46325,dac8c52133b7bc8c,445,False,False,False,False,0.0029,0.1667,
malignant/malignant (3).png,malignant,1,12192,95cb623539782667,446,False,False,False,False,0.005,0.1525,
malignant/malignant (30).png,malignant,1,70413,f2c2cb09bcb8b9a1,447,False,False,False,False,0.0033,0.1758,
malignant/malignant (31).png,malignant,1,141193,bd95c243452f6e70,448,False,False,False,False,0.0,0.128,
malignant/malignant (32).png,malignant,1,43141,a2c0d8082f772fe7,449,False,False,False,False,0.0007,0.0642,
malignant/malignant (33).png,malignant,1,60717,b09e4c5956b4ad87,450,False,False,False,False,0.0005,0.2092,
malignant/malignant (34).png,malignant,1,13849,a7d30ddc3ca262b2,451,False,False,True,True,0.0015,0.4121,"textlike_blobs(n=14,border_bright=0.062)"
malignant/malignant (35).png,malignant,1,40212,9d9ce3c3e561405b,452,False,False,False,False,0.0001,0.2972,
malignant/malignant (36).png,malignant,1,30470,a1b0f8735313278f,453,False,False,False,False,0.0,0.0109,
malignant/malignant (37).png,malignant,1,65826,bcbc9e4b59130393,454,False,False,False,False,0.0005,0.0077,
malignant/malignant (38).png,malignant,1,20934,e19a5ca5b2309f8d,455,False,False,True,True,0.0064,0.5413,"textlike_blobs(n=20,border_bright=0.041)"
malignant/malignant (39).png,malignant,1,33347,a7c4d0183b2be3a7,456,False,False,True,True,0.0047,0.4037,"textlike_blobs(n=14,border_bright=0.054)"
malignant/malignant (4).png,malignant,1,13990,9c80633fb862666f,457,False,False,False,False,0.0026,0.2119,
malignant/malignant (40).png,malignant,1,27952,a7f5d0482e2cb2b3,458,False,False,False,False,0.0004,0.3062,
malignant/malignant (41).png,malignant,1,25281,ec87b231755ccc83,459,False,False,True,True,0.0062,0.5425,"textlike_blobs(n=19,border_bright=0.068)"
malignant/malignant (42).png,malignant,1,30381,a7c4d0183b294df7,456,False,False,True,True,0.0027,0.4386,"textlike_blobs(n=16,border_bright=0.039)"
malignant/malignant (43).png,malignant,1,85234,c2c2cf3d3ca2ca8e,460,False,False,False,False,0.0081,0.1483,
malignant/malignant (44).png,malignant,1,13556,ade9da1a9694688d,461,False,False,True,True,0.0018,0.6735,"textlike_blobs(n=24,border_bright=0.073)"
malignant/malignant (45).png,malignant,1,80381,e9c6083999b4a7b3,462,False,False,True,True,0.0176,0.7087,"textlike_blobs(n=26,border_bright=0.059)"
malignant/malignant (46).png,malignant,1,24723,bcea4908c8c9e3e7,463,False,False,True,True,0.0055,0.5491,"textlike_blobs(n=21,border_bright=0.024)"
malignant/malignant (47).png,malignant,1,53149,b4ccc881a3b6bada,464,False,False,False,False,0.0039,0.2004,
malignant/malignant (48).png,malignant,1,12628,d5e4c81a1b9b92ec,465,False,False,True,True,0.0006,0.2643,"textlike_blobs(n=7,border_bright=0.089)"
malignant/malignant (49).png,malignant,1,18352,a4a6cbd9d938c2c6,466,False,False,False,False,0.0,0.1808,
malignant/malignant (5).png,malignant,1,11825,9d80633fb822666f,457,False,False,True,True,0.0026,0.3419,"textlike_blobs(n=13,border_bright=0.017)"
malignant/malignant (50).png,malignant,1,21336,eec084b438d3d3d3,467,False,False,False,False,0.0034,0.1253,
malignant/malignant (51).png,malignant,1,22299,91bcfe4b66c66121,32,True,False,True,True,0.0002,0.4239,"textlike_blobs(n=16,border_bright=0.024)"
malignant/malignant (52).png,malignant,1,52998,97adf0f0c8c8b0b9,64,False,False,False,False,0.0016,0.237,
malignant/malignant (53).png,malignant,2,15881,f99406c9d95989e6,468,False,False,True,True,0.042,0.6393,"textlike_blobs(n=24,border_bright=0.039)"
malignant/malignant (54).png,malignant,1,27432,9bf97086c686a9b8,469,False,False,True,True,0.0048,0.3899,"textlike_blobs(n=13,border_bright=0.065)"
malignant/malignant (55).png,malignant,1,20759,87ef30e0f8a1832f,470,False,False,True,True,0.0053,0.3402,"textlike_blobs(n=12,border_bright=0.040)"
malignant/malignant (56).png,malignant,1,70542,86c8c8b7b35e14b5,471,False,False,False,False,0.0013,0.0,
malignant/malignant (57).png,malignant,1,47395,97cb483515156dec,472,False,False,False,False,0.0005,0.0001,
malignant/malignant (58).png,malignant,1,77150,99e3ca941d9dc8d2,473,False,False,False,False,0.002,0.0007,
malignant/malignant (59).png,malignant,1,89827,bfbd46063a39d04c,474,False,False,False,False,0.0025,0.0014,
malignant/malignant (6).png,malignant,1,12527,91806e3f7963266e,475,False,False,True,True,0.0052,0.5405,"textlike_blobs(n=21,border_bright=0.015)"
malignant/malignant (60).png,malignant,1,62164,b7f248486d05e5e9,476,False,False,False,False,0.0006,0.0251,
malignant/malignant (61).png,malignant,1,8327,b68909fce4a079d3,477,False,False,True,True,0.0064,0.3461,"textlike_blobs(n=13,border_bright=0.021)"
malignant/malignant (62).png,malignant,1,54345,b1a38f1c3c1a4bf1,478,False,False,False,False,0.003,0.1357,
malignant/malignant (63).png,malignant,1,73334,e3879c48e0eb2397,479,False,False,True,True,0.005,0.8603,"textlike_blobs(n=32,border_bright=0.060)"
malignant/malignant (64).png,malignant,1,25526,d1948442facfb3b1,480,False,False,False,False,0.0116,0.1817,
malignant/malignant (65).png,malignant,1,20141,c194c66e7a19c787,481,False,False,False,False,0.0313,0.0647,
malignant/malignant (66).png,malignant,1,21299,d89cc7677919c486,482,False,False,False,False,0.0427,0.0419,
malignant/malignant (67).png,malignant,1,24388,d181047e6e673ba5,483,False,False,False,False,0.0015,0.1899,
malignant/malignant (68).png,malignant,1,73482,a9c5d2d82c4bf4b4,484,False,False,False,False,0.0084,0.1192,
malignant/malignant (69).png,malignant,1,19023,e0809918933fe7e7,485,False,False,False,False,0.0133,0.1057,
malignant/malignant (7).png,malignant,1,10196,9980663bf965666a,475,False,False,True,True,0.0059,0.3936,"textlike_blobs(n=15,border_bright=0.019)"
malignant/malignant (70).png,malignant,1,16182,e0808e4d9d3fb1b3,486,False,False,False,False,0.0117,0.1041,
malignant/malignant (71).png,malignant,1,74179,a4f4ca8bb93d7430,487,False,False,False,False,0.0035,0.3184,
malignant/malignant (72).png,malignant,1,122106,eba7959991786262,488,False,False,False,False,0.0035,0.178,
malignant/malignant (73).png,malignant,1,9757,99df62c0c6b3c18d,489,False,False,False,False,0.0114,0.2546,
malignant/malignant (74).png,malignant,1,11269,b5ca70e08793c3d3,490,False,False,False,False,0.0049,0.2081,
malignant/malignant (75).png,malignant,1,39280,a184d44e5e969abb,491,False,False,False,False,0.0009,0.0515,
malignant/malignant (76).png,malignant,1,62583,d0c4c0c78f8dd9d9,492,False,False,False,False,0.0108,0.1534,
malignant/malignant (77).png,malignant,1,52504,c8e0a29f8f98e6e8,180,False,False,True,True,0.0067,0.4912,"textlike_blobs(n=18,border_bright=0.041)"
malignant/malignant (78).png,malignant,1,58379,8980a6bf98d9e4e9,493,False,False,True,True,0.0069,0.5106,"textlike_blobs(n=19,border_bright=0.036)"
malignant/malignant (79).png,malignant,1,42462,bdd0c34b0eb4b478,494,False,False,True,True,0.0042,0.4236,"textlike_blobs(n=14,border_bright=0.074)"
malignant/malignant (8).png,malignant,1,11091,9984663b7961276e,475,True,False,True,True,0.008,0.3797,"textlike_blobs(n=15,border_bright=0.005)"
malignant/malignant (80).png,malignant,1,28029,81c060213d7f7f5d,495,False,False,True,True,0.0064,0.5966,"textlike_blobs(n=23,border_bright=0.022)"
malignant/malignant (81).png,malignant,1,30692,94c460149e7bddce,496,False,False,True,True,0.0286,0.7429,"textlike_blobs(n=28,border_bright=0.043)"
malignant/malignant (82).png,malignant,1,30947,a3c3d54c7c38998b,497,False,False,False,False,0.0042,0.3116,
malignant/malignant (83).png,malignant,1,20991,a7dc98236754b8d1,498,False,False,False,False,0.0077,0.2014,
malignant/malignant (84).png,malignant,1,39438,e59d13636c4cb9c1,499,False,False,False,False,0.0002,0.0169,
malignant/malignant (85).png,malignant,1,69371,ac869b7161ae86bc,500,False,False,False,False,0.0242,0.0181,
malignant/malignant (86).png,malignant,1,82710,a4c69b7865e68696,501,False,False,False,False,0.0358,0.0193,
malignant/malignant (87).png,malignant,1,30544,cdc96b369591e868,502,False,False,False,False,0.0004,0.1725,
malignant/malignant (88).png,malignant,1,34368,b9a2ee9d886a7225,392,False,False,True,True,0.0044,0.3834,"textlike_blobs(n=13,border_bright=0.058)"
malignant/malignant (89).png,malignant,1,106380,f981814e9f1763e8,503,False,False,False,False,0.0036,0.2704,
malignant/malignant (9).png,malignant,1,10863,9984663b7961276e,475,True,False,True,True,0.0053,0.539,"textlike_blobs(n=21,border_bright=0.014)"
malignant/malignant (90).png,malignant,1,48021,b6c909e66672928f,504,False,False,True,True,0.004,0.8171,"textlike_blobs(n=28,border_bright=0.117)"
malignant/malignant (91).png,malignant,1,41721,e5959b8e80f29ac3,505,False,False,False,False,0.0004,0.1981,
malignant/malignant (92).png,malignant,1,22068,a6d20ddd39a662b2,451,False,False,True,True,0.003,0.5119,"textlike_blobs(n=18,border_bright=0.062)"
malignant/malignant (93).png,malignant,1,37501,96e1b196da6c6991,249,True,False,False,False,0.0024,0.0938,
malignant/malignant (94).png,malignant,1,51666,dce1179ec84969d8,257,False,False,False,False,0.0025,0.2031,
malignant/malignant (95).png,malignant,1,56403,f58458f087fa53c4,506,False,False,True,True,0.0102,0.3793,"textlike_blobs(n=14,border_bright=0.029)"
malignant/malignant (96).png,malignant,1,57534,e3835c7c81bbd0c5,507,False,False,False,False,0.0022,0.3158,
malignant/malignant (97).png,malignant,1,51487,e1835c7c81bfd0c5,507,False,False,True,True,0.0059,0.3677,"textlike_blobs(n=13,border_bright=0.043)"
malignant/malignant (98).png,malignant,1,13241,d0c425665a7af8ce,508,False,False,True,True,0.0113,0.5619,"textlike_blobs(n=21,border_bright=0.037)"
malignant/malignant (99).png,malignant,1,15467,94e82b67561cdccc,509,False,False,True,True,0.003,0.4816,"textlike_blobs(n=16,border_bright=0.082)"
normal/normal (1).png,normal,1,0,84a07dd4f4d993a3,153,False,False,False,False,0.0041,0.2518,
normal/normal (10).png,normal,1,0,f8b0810436befaf8,510,False,False,False,False,0.0005,0.0707,
normal/normal (100).png,normal,1,0,dea0b3474f1e018f,511,False,False,False,False,0.0003,0.0507,
normal/normal (101).png,normal,1,0,83c56f4a1711c6fa,512,False,False,False,False,0.022,0.1605,
normal/normal (102).png,normal,1,0,c5f42a29a2ae2737,513,False,False,True,True,0.0047,0.4236,"textlike_blobs(n=15,border_bright=0.049)"
normal/normal (103).png,normal,1,0,80b37e88617c9d9b,514,False,False,True,True,0.0024,0.4518,"textlike_blobs(n=17,border_bright=0.027)"
normal/normal (104).png,normal,1,0,d3982aa5334bce95,515,True,False,False,False,0.0029,0.0431,
normal/normal (105).png,normal,1,0,b7d1d82a8b9189ad,516,False,False,False,False,0.0024,0.1922,
normal/normal (106).png,normal,1,0,84997aeb977039b0,517,False,False,False,False,0.0028,0.1925,
normal/normal (107).png,normal,1,0,d3982aa5334bce95,515,True,False,False,False,0.0027,0.065,
normal/normal (108).png,normal,1,0,b5c82a5bbce46662,518,False,False,True,True,0.0048,0.6186,"textlike_blobs(n=21,border_bright=0.094)"
normal/normal (109).png,normal,1,0,bdb9e96260cac6a1,519,False,False,False,False,0.0022,0.2469,
normal/normal (11).png,normal,1,0,b3fc6c00919fe2d1,520,False,False,True,True,0.0039,0.4442,"textlike_blobs(n=16,border_bright=0.044)"
normal/normal (110).png,normal,1,0,c0811fe9fb9e86b0,521,False,False,False,False,0.0021,0.0629,
normal/normal (111).png,normal,1,0,c53a76e789f0a48a,522,False,False,False,False,0.0,0.1,
normal/normal (112).png,normal,1,0,e3b81805d5cf9ae2,523,False,False,False,False,0.0,0.075,
normal/normal (113).png,normal,1,0,9eebf45270ac8994,524,False,False,False,False,0.0256,0.0979,
normal/normal (114).png,normal,1,0,e4983b43b4e89dac,525,False,False,False,False,0.046,0.0124,
normal/normal (115).png,normal,1,0,a2dadded90943456,526,False,False,False,False,0.0002,0.0119,
normal/normal (116).png,normal,1,0,c0ea11a57fd0e2bc,527,False,False,True,True,0.005,0.7276,"textlike_blobs(n=25,border_bright=0.103)"
normal/normal (117).png,normal,1,0,acef579862901bf0,528,False,False,True,True,0.0037,1.0,"textlike_blobs(n=38,border_bright=0.092)"
normal/normal (118).png,normal,1,0,986a6dc0a2a6dea7,529,False,False,False,False,0.0246,0.0259,
normal/normal (119).png,normal,1,0,c0d8aec2bf2bc1d1,530,False,False,False,False,0.0007,0.2247,
normal/normal (12).png,normal,1,0,bc9e676058bcc6c1,531,False,False,True,True,0.0027,0.7551,"textlike_blobs(n=28,border_bright=0.055)"
normal/normal (120).png,normal,1,0,bdd9e66e4a903581,532,False,False,True,True,0.003,0.4875,"textlike_blobs(n=17,border_bright=0.062)"
normal/normal (121).png,normal,1,0,c1b4fa2a2e296b99,533,True,False,True,True,0.0076,0.8229,"textlike_blobs(n=30,border_bright=0.073)"
normal/normal (122).png,normal,1,0,c4be6b7890e08b9b,534,False,False,True,True,0.004,0.456,"textlike_blobs(n=16,border_bright=0.056)"
normal/normal (123).png,normal,1,0,d1d22e0ccae5d1d9,535,False,False,False,False,0.0173,0.0045,
normal/normal (124).png,normal,1,0,a9ac5e171e4a589d,536,False,False,False,False,0.0001,0.001,
normal/normal (125).png,normal,1,0,97e56a9bec908386,537,True,False,False,False,0.0015,0.2679,
normal/normal (126).png,normal,1,0,eea8991496c353f2,538,False,False,False,False,0.0,0.1346,
normal/normal (127).png,normal,1,0,c1b56eb3ad834dc0,539,False,False,False,False,0.0059,0.1723,
normal/normal (128).png,normal,1,0,f193aeed6b1c0464,540,False,False,True,True,0.0035,0.4073,"textlike_blobs(n=14,border_bright=0.057)"
normal/normal (129).png,normal,1,0,e48cdaf22e1911f6,541,False,False,False,False,0.0189,0.0336,
normal/normal (13).png,normal,1,0,8eb059cb71ea90e5,542,False,False,True,True,0.0037,0.7011,"textlike_blobs(n=24,border_bright=0.101)"
normal/normal (130).png,normal,1,0,96b5ed6b0b1a449c,543,False,False,False,False,0.0168,0.0038,
normal/normal (131).png,normal,1,0,96f049090bc6977f,544,False,False,False,False,0.023,0.0074,
normal/normal (132).png,normal,1,0,e3ba006572afb18d,545,False,False,False,False,0.0,0.0513,
normal/normal (133).png,normal,1,0,979f6b63c181c1c5,546,False,False,True,True,0.0022,0.2325,"textlike_blobs(n=6,border_bright=0.083)"
normal/normal (14).png,normal,1,0,edc33c0eee1209e6,547,False,False,True,True,0.0022,0.5968,"textlike_blobs(n=19,border_bright=0.122)"
normal/normal (15).png,normal,1,0,ee9031434efc87a9,548,False,False,True,True,0.002,0.7736,"textlike_blobs(n=27,border_bright=0.099)"
normal/normal (16).png,normal,1,0,c1bb7e7c06c28399,549,False,False,True,True,0.0029,0.4457,"textlike_blobs(n=14,border_bright=0.096)"
normal/normal (17).png,normal,1,0,87a1b99f6c682a8e,550,False,False,False,False,0.0022,0.193,
normal/normal (18).png,normal,1,0,9aa4a5995b760ecc,551,False,False,False,False,0.0027,0.1605,
normal/normal (19).png,normal,1,0,96f449090bc6977e,544,False,False,False,False,0.0016,0.0251,
normal/normal (2).png,normal,1,0,838c791f7c69b892,552,False,False,False,False,0.0024,0.0791,
normal/normal (20).png,normal,1,0,e3ba046572ad9d89,545,False,False,False,False,0.0019,0.0681,
normal/normal (21).png,normal,1,0,f3d3be2c454dc0c2,553,False,False,True,True,0.0004,0.4211,"textlike_blobs(n=15,border_bright=0.046)"
normal/normal (22).png,normal,1,0,97e56a9bec908386,537,True,False,False,False,0.0013,0.2605,
normal/normal (23).png,normal,1,0,cabb2414036fcbdc,554,False,False,True,True,0.0002,0.6042,"textlike_blobs(n=21,border_bright=0.079)"
normal/normal (24).png,normal,1,0,f191aeed6f1c0464,540,False,False,False,False,0.0,0.3048,
normal/normal (25).png,normal,1,0,c4be6b7890c08f9b,534,False,False,True,True,0.0038,0.3889,"textlike_blobs(n=14,border_bright=0.039)"
normal/normal (26).png,normal,1,0,96b5ed690b1b449c,543,False,False,False,False,0.0004,0.0014,
normal/normal (27).png,normal,1,0,a9ac5e171e4a591d,536,False,False,False,False,0.0001,0.001,
normal/normal (28).png,normal,1,0,eea8999592c253f2,538,False,False,False,False,0.0,0.1405,
normal/normal (29).png,normal,1,0,d1d22e0c4ae5f1d9,535,False,False,False,False,0.0001,0.0,
normal/normal (3).png,normal,1,0,8380f8551d7abaae,555,False,False,True,True,0.0025,0.5513,"textlike_blobs(n=20,border_bright=0.051)"
normal/normal (30).png,normal,1,0,c0d8aac2bf2be1d1,530,False,False,False,False,0.0007,0.2253,
normal/normal (31).png,normal,1,0,c1b4fa2a2e296b99,533,True,False,True,True,0.0075,0.8216,"textlike_blobs(n=30,border_bright=0.072)"
normal/normal (32).png,normal,1,0,c1b76eb1bd8345c0,539,False,False,False,False,0.0043,0.1398,
normal/normal (33).png,normal,1,0,bdd9e66748923485,532,False,False,True,True,0.0017,0.4669,"textlike_blobs(n=16,border_bright=0.067)"
normal/normal (34).png,normal,1,0,8fb5694a22929d5d,279,False,False,True,True,0.0034,0.7955,"textlike_blobs(n=29,border_bright=0.070)"
normal/normal (35).png,normal,1,0,e48cdaf22e1b10f6,541,False,False,False,False,0.0005,0.0003,
normal/normal (36).png,normal,1,0,e8e9881417cf9cd6,556,False,False,False,False,0.0,0.002,
normal/normal (37).png,normal,1,0,c6bfe9494a5616c2,557,False,False,False,False,0.0001,0.0003,
normal/normal (38).png,normal,1,0,c4d4bfbbe8e21290,558,False,False,False,False,0.0,0.1216,
normal/normal (39).png,normal,1,0,98f946a78a86c6c7,559,False,False,False,False,0.0,0.2084,
normal/normal (4).png,normal,1,0,daace4b3a2f2c1c4,560,False,False,False,False,0.0002,0.3672,
normal/normal (40).png,normal,1,0,f2b08d4c7c2d358d,561,False,False,False,False,0.0,0.2534,
normal/normal (41).png,normal,1,0,c6b8284a1dfc3cb5,562,False,False,False,False,0.0,0.324,
normal/normal (42).png,normal,1,0,80be778980d2b3cf,563,False,False,True,True,0.0001,0.4476,"textlike_blobs(n=17,border_bright=0.023)"
normal/normal (43).png,normal,1,0,c4d4bfbbe8e212c0,558,True,False,False,False,0.0,0.1286,
normal/normal (44).png,normal,1,0,c4b8284a1dfcbcb5,562,False,False,False,False,0.0,0.218,
normal/normal (45).png,normal,1,0,80be771980d2b3cf,563,True,False,True,True,0.0,0.4706,"textlike_blobs(n=18,border_bright=0.021)"
normal/normal (46).png,normal,1,0,f2b08d4c7cad918d,561,False,False,False,False,0.006,0.0322,
normal/normal (47).png,normal,1,0,c6b8284a1dfcb4b5,562,False,False,False,False,0.0121,0.0931,
normal/normal (48).png,normal,1,0,98f966a78b8606c7,559,False,False,False,False,0.0261,0.0469,
normal/normal (49).png,normal,1,0,80be771980d2b3cf,563,True,False,False,False,0.0285,0.0372,
normal/normal (5).png,normal,1,0,8eb059db71ea90c5,542,False,False,True,True,0.0023,0.7052,"textlike_blobs(n=24,border_bright=0.105)"
normal/normal (50).png,normal,1,0,c4d4bfbbe8e212c0,558,True,False,False,False,0.0011,0.0423,
normal/normal (51).png,normal,1,0,8683c94c8521fefe,564,False,False,False,False,0.0001,0.1248,
normal/normal (52).png,normal,1,0,8683cb4ca521fafc,564,False,False,False,False,0.0002,0.0993,
normal/normal (53).png,normal,1,0,c4d4bfbbe8e01292,558,False,False,False,False,0.0,0.2028,
normal/normal (54).png,normal,1,0,8683cb4c8521fafe,564,False,False,False,False,0.0001,0.0994,
normal/normal (55).png,normal,1,0,d1e1e86c2666cb1b,565,False,False,False,False,0.0032,0.0025,
normal/normal (56).png,normal,1,0,98f966a78a8687c6,559,False,False,False,False,0.0,0.1774,
normal/normal (57).png,normal,1,0,f1e1eb6c26668a1a,565,False,False,False,False,0.0,0.0038,
normal/normal (58).png,normal,1,0,80b86ccfd3d2b2b2,566,True,False,False,False,0.002,0.1678,
normal/normal (59).png,normal,1,0,f2b28d4c7c2d318d,561,False,False,False,False,0.0,0.2284,
normal/normal (6).png,normal,1,0,aabb6146d5ad849a,567,False,False,True,True,0.0035,0.9212,"textlike_blobs(n=34,border_bright=0.071)"
normal/normal (60).png,normal,1,0,80b86ccfd3d2b2b2,566,True,False,False,False,0.0014,0.2172,
normal/normal (61).png,normal,1,0,c6b8084a1decbcb7,562,False,False,True,True,0.0,0.3566,"textlike_blobs(n=13,border_bright=0.032)"
normal/normal (62).png,normal,1,0,80be771980d2b3cf,563,True,False,True,True,0.0,0.4436,"textlike_blobs(n=17,border_bright=0.019)"
normal/normal (63).png,normal,1,0,f3d3bc2c454dc2c2,553,True,False,True,True,0.0024,0.4474,"textlike_blobs(n=16,border_bright=0.047)"
normal/normal (64).png,normal,1,0,f3d3bc2c454dc2c2,553,True,False,True,True,0.0018,0.4276,"textlike_blobs(n=15,border_bright=0.053)"
normal/normal (65).png,normal,1,0,ad85925b4a5deec0,568,False,False,False,False,0.0,0.025,
normal/normal (66).png,normal,1,0,d7ea28b1efb21230,569,False,False,False,False,0.005,0.2469,
normal/normal (67).png,normal,1,0,f1e1ea6c24668b1b,565,False,False,False,False,0.0001,0.0036,
normal/normal (68).png,normal,1,0,d1e1e96c26668b1b,565,False,False,False,False,0.003,0.0027,
normal/normal (69).png,normal,1,0,80b86cefd3d232b2,566,False,False,False,False,0.0013,0.1937,
normal/normal (7).png,normal,1,0,81ad6f7e9c68d0a2,570,False,False,True,True,0.0039,0.7199,"textlike_blobs(n=24,border_bright=0.120)"
normal/normal (70).png,normal,1,0,eda4435f1bc184e6,571,False,False,True,True,0.0029,0.542,"textlike_blobs(n=21,border_bright=0.017)"
normal/normal (71).png,normal,1,0,b5bd7a42c22cbc86,572,False,False,False,False,0.0004,0.0274,
normal/normal (72).png,normal,1,0,c0d75ff24497e0c2,573,False,False,False,False,0.0,0.0006,
normal/normal (73).png,normal,1,0,8dd57062329e8d8f,574,False,False,False,False,0.0035,0.116,
normal/normal (74).png,normal,1,0,cdc219f68da8cd92,575,False,False,True,True,0.0036,0.3816,"textlike_blobs(n=13,border_bright=0.057)"
normal/normal (75).png,normal,1,0,c2a835a4f3c33cce,576,False,False,False,False,0.0039,0.0194,
normal/normal (76).png,normal,1,0,93e03e6f1ad4d4a4,577,False,False,True,True,0.002,0.4218,"textlike_blobs(n=15,border_bright=0.047)"
normal/normal (77).png,normal,1,0,8df17012dba63e0b,578,False,False,True,True,0.0036,0.5118,"textlike_blobs(n=18,border_bright=0.062)"
normal/normal (78).png,normal,1,0,9fe5c0024795b5f4,579,False,False,False,False,0.0254,0.0156,
normal/normal (79).png,normal,1,0,adc4941305277eed,580,False,False,False,False,0.0001,0.0261,
normal/normal (8).png,normal,1,0,ee8c91538aa0bde5,581,False,False,False,False,0.0036,0.1137,
normal/normal (80).png,normal,1,0,8cd1530ebdb1cacc,582,False,False,True,True,0.0029,0.7226,"textlike_blobs(n=26,border_bright=0.073)"
normal/normal (81).png,normal,1,0,daba2415036ecbf4,554,False,False,True,True,0.0032,0.7668,"textlike_blobs(n=27,border_bright=0.092)"
normal/normal (82).png,normal,1,0,edb15373a58686c8,583,False,False,True,True,0.0051,0.4672,"textlike_blobs(n=16,border_bright=0.067)"
normal/normal (83).png,normal,1,0,e5bc3fc369015a61,584,False,False,True,True,0.0007,0.8259,"textlike_blobs(n=27,border_bright=0.151)"
normal/normal (84).png,normal,1,0,e49c1b3bc7a0d09d,585,False,False,False,False,0.008,0.213,
normal/normal (85).png,normal,1,0,c3a46c6d8cda4793,586,False,False,False,False,0.0034,0.1018,
normal/normal (86).png,normal,1,0,d1b929cf2c90dec4,587,False,False,False,False,0.0041,0.1657,
normal/normal (87).png,normal,1,0,92dd6b2bc36a2594,588,False,False,False,False,0.0057,0.0262,
normal/normal (88).png,normal,1,0,c0c3a75cbc3f61b0,589,False,False,False,False,0.0019,0.0011,
normal/normal (89).png,normal,1,0,cc9179ba93d33286,590,False,False,False,False,0.0037,0.2389,
normal/normal (9).png,normal,1,0,e4e48f1b785c48f8,591,False,False,False,False,0.0006,0.1541,
normal/normal (90).png,normal,1,0,94c16b98ce2fe19c,592,False,False,False,False,0.0035,0.0524,
normal/normal (91).png,normal,1,0,809866e4a8cf9ef3,593,False,False,False,False,0.0027,0.0067,
normal/normal (92).png,normal,1,0,ed9d00cb82f4f1ac,594,False,False,False,False,0.003,0.0588,
normal/normal (93).png,normal,1,0,89bc7ac3259c6bc2,595,False,False,True,True,0.0029,0.5772,"textlike_blobs(n=21,border_bright=0.052)"
normal/normal (94).png,normal,1,0,f0af49918f2e78b0,596,False,False,True,True,0.0012,0.4592,"textlike_blobs(n=15,border_bright=0.084)"
normal/normal (95).png,normal,1,0,9dfb450a3e8c3552,597,False,False,True,True,0.0022,1.0,"textlike_blobs(n=45,border_bright=0.054)"
normal/normal (96).png,normal,1,0,90ebaf6e8c9f4310,598,False,False,True,True,0.0013,0.4205,"textlike_blobs(n=15,border_bright=0.045)"
normal/normal (97).png,normal,1,0,80847773dd9db192,599,True,False,False,False,0.0024,0.2557,
normal/normal (98).png,normal,1,0,80847773dd9db192,599,True,False,False,False,0.0032,0.2299,
normal/normal (99).png,normal,1,0,a6b1598f0a62c7f1,600,False,False,False,False,0.0025,0.1591,
